temparature,humidity,moisture,soil type,crop type,nitrogen,phosphorous,potassium,fertilizer name
33.6,64.6,42.3,Red,Ground Nuts,6.7,48.8,45.0,Urea
19.1,71.9,66.9,Black,Barley,5.0,64.8,53.5,Urea
18.1,31.3,46.2,Loamy,Barley,11.8,36.4,64.2,Urea
28.3,64.4,22.3,Black,Coffee,15.3,40.1,37.0,Urea
37.3,76.9,35.2,Red,Oil seeds,6.7,55.5,48.2,Urea
18.7,82.7,32.9,Red,Millets,16.3,44.4,50.6,Urea
21.7,86.2,58.8,Loamy,Tobacco,21.0,61.8,52.9,Urea
37.2,79.0,57.4,Red,Oil seeds,14.2,52.6,64.0,Urea
23.5,47.2,28.3,Red,Coffee,5.3,47.7,46.8,Urea
32.1,72.3,58.6,Black,Cotton,6.3,45.8,38.5,Urea
27.0,35.5,38.5,Sandy,Millets,16.4,55.0,52.7,Urea
27.4,36.9,55.7,Black,Cotton,17.9,51.8,58.1,Urea
32.2,36.4,42.0,Black,Oil seeds,8.4,61.9,49.3,Urea
36.2,44.5,40.5,Clayey,Tobacco,17.8,41.9,37.3,Urea
21.2,83.9,60.4,Black,Cotton,15.8,61.1,59.1,Urea
35.9,61.3,60.4,Red,Tobacco,20.2,44.5,38.3,Urea
26.5,77.4,63.0,Sandy,Ground Nuts,5.1,50.3,47.5,Urea
20.4,49.6,67.1,Clayey,Maize,10.5,50.6,56.1,Urea
23.1,44.3,54.8,Sandy,Maize,17.1,39.4,64.9,Urea
37.5,53.8,21.7,Black,Maize,10.9,54.0,55.4,Urea
27.0,62.1,49.6,Clayey,Coffee,6.4,46.1,42.3,Urea
37.7,53.1,60.8,Clayey,Tobacco,18.6,39.5,50.2,Urea
29.8,69.3,20.8,Clayey,Cotton,13.7,41.8,54.4,Urea
31.8,52.4,66.8,Red,Oil seeds,7.3,45.2,38.4,Urea
22.6,40.1,69.1,Loamy,Cotton,13.8,42.8,64.9,Urea
36.0,66.7,37.0,Red,Paddy,10.9,56.8,61.9,Urea
35.0,84.3,59.3,Sandy,Millets,16.4,52.4,46.2,Urea
37.5,46.5,35.3,Sandy,Cotton,13.3,48.5,64.8,Urea
18.4,58.6,28.9,Red,Maize,11.2,57.3,56.6,Urea
28.2,66.9,32.5,Sandy,Coffee,15.0,64.4,49.6,Urea
33.9,59.2,48.8,Black,Ground Nuts,13.4,40.9,56.7,Urea
18.5,67.4,28.9,Black,Tobacco,21.0,63.6,62.4,Urea
18.3,83.8,41.4,Black,Coffee,21.4,63.9,60.6,Urea
21.8,45.6,44.3,Clayey,Paddy,11.3,46.8,60.3,Urea
19.4,42.1,53.6,Black,Millets,11.1,42.6,43.9,Urea
35.0,37.9,55.4,Loamy,Maize,14.4,43.9,47.6,Urea
30.2,34.7,20.3,Loamy,Oil seeds,15.7,40.8,37.1,Urea
24.8,51.8,24.7,Red,Cotton,14.8,36.1,49.0,Urea
29.8,31.8,21.9,Clayey,Barley,19.0,45.8,38.8,Urea
33.4,42.5,51.1,Sandy,Millets,6.5,36.6,50.9,Urea
20.8,37.7,68.5,Black,Wheat,17.1,36.2,47.0,Urea
32.9,44.5,29.2,Black,Coffee,6.4,47.8,55.7,Urea
36.3,55.7,32.0,Sandy,Pulses,6.6,40.5,63.0,Urea
31.1,55.3,56.5,Sandy,Wheat,5.8,52.0,39.8,Urea
18.9,32.4,62.8,Sandy,Coffee,17.0,49.2,37.9,Urea
24.9,57.0,52.5,Clayey,Wheat,5.8,63.5,61.6,Urea
30.5,59.2,62.8,Red,Pulses,16.2,39.9,37.1,Urea
35.3,66.9,60.0,Loamy,Maize,16.5,52.2,38.9,Urea
34.4,66.3,61.0,Clayey,Cotton,16.1,41.2,43.2,Urea
18.8,65.9,36.8,Red,Sugarcane,16.1,46.6,55.4,Urea
23.6,36.9,54.8,Loamy,Cotton,15.7,61.3,57.1,Urea
29.0,54.6,48.4,Clayey,Oil seeds,14.8,56.9,38.8,Urea
29.6,80.3,48.1,Sandy,Wheat,9.1,55.4,57.2,Urea
25.6,61.0,44.8,Black,Oil seeds,11.6,43.9,38.0,Urea
37.2,79.1,37.7,Red,Coffee,21.3,55.3,49.5,Urea
19.8,64.9,47.7,Loamy,Paddy,8.6,63.4,58.4,Urea
27.9,33.3,47.5,Clayey,Paddy,12.5,61.6,45.5,Urea
31.8,78.5,63.3,Loamy,Coffee,19.3,47.8,41.7,Urea
35.8,38.5,45.7,Sandy,Sugarcane,9.0,52.4,60.9,Urea
36.9,87.2,57.7,Red,Maize,11.4,37.5,58.3,Urea
36.1,36.4,44.6,Black,Pulses,5.2,49.1,36.7,Urea
20.4,67.7,57.3,Red,Millets,14.9,63.9,46.2,Urea
35.4,43.0,68.2,Sandy,Oil seeds,5.2,64.1,36.3,Urea
36.5,83.3,32.6,Clayey,Barley,16.8,37.3,40.0,Urea
30.6,63.9,65.1,Sandy,Maize,5.8,43.4,63.5,Urea
30.4,46.1,29.4,Red,Millets,12.9,45.6,52.5,Urea
37.5,87.2,54.9,Red,Paddy,14.1,44.3,59.4,Urea
34.5,85.1,56.3,Red,Cotton,15.4,47.5,63.0,Urea
18.9,31.5,38.8,Loamy,Ground Nuts,18.8,64.6,39.5,Urea
25.6,86.3,62.1,Clayey,Pulses,19.3,49.1,47.4,Urea
19.1,80.2,60.6,Sandy,Paddy,22.0,64.9,51.7,Urea
36.9,79.3,32.4,Clayey,Paddy,12.7,38.9,63.6,Urea
22.6,69.0,50.9,Clayey,Tobacco,11.1,38.4,55.1,Urea
33.4,60.2,62.6,Loamy,Barley,14.4,51.8,61.3,Urea
20.7,31.7,57.8,Sandy,Maize,15.5,56.1,41.4,Urea
25.0,64.2,39.6,Red,Sugarcane,12.4,62.1,45.4,Urea
36.2,47.3,46.2,Sandy,Millets,16.9,58.9,48.8,Urea
33.4,33.8,22.3,Sandy,Pulses,15.6,45.4,41.3,Urea
19.5,37.5,26.4,Black,Ground Nuts,7.6,39.2,54.2,Urea
26.2,80.7,45.8,Red,Millets,21.5,53.1,41.7,Urea
24.9,50.2,21.6,Clayey,Paddy,14.3,51.0,45.7,Urea
28.1,70.0,22.0,Loamy,Maize,18.6,53.8,37.5,Urea
23.5,76.8,57.4,Black,Maize,8.1,41.3,46.1,Urea
25.4,56.8,57.4,Loamy,Coffee,5.6,42.6,56.4,Urea
20.1,55.9,46.6,Black,Coffee,9.1,43.1,46.3,Urea
24.4,42.3,36.4,Loamy,Wheat,7.0,61.7,52.8,Urea
33.8,58.9,24.3,Red,Pulses,14.1,52.6,57.4,Urea
20.6,46.5,38.2,Sandy,Coffee,16.0,52.1,45.7,Urea
30.1,43.8,25.1,Clayey,Barley,7.6,42.4,39.8,Urea
35.9,34.7,46.2,Black,Millets,12.0,64.5,38.4,Urea
37.4,80.2,60.9,Loamy,Tobacco,9.4,40.1,55.1,Urea
29.1,63.2,34.0,Sandy,Sugarcane,18.1,40.6,44.7,Urea
28.2,44.1,25.7,Black,Tobacco,15.4,43.7,52.4,Urea
24.4,64.4,38.5,Black,Tobacco,12.7,51.5,51.5,Urea
34.2,44.8,54.1,Loamy,Millets,17.9,52.9,49.1,Urea
35.0,73.3,40.4,Black,Maize,20.9,64.7,41.2,Urea
36.5,71.9,22.4,Black,Cotton,18.3,59.8,57.5,Urea
21.3,77.2,53.3,Red,Cotton,13.9,45.8,61.3,Urea
34.3,55.5,38.8,Sandy,Sugarcane,12.9,44.0,57.4,Urea
25.1,52.7,46.6,Sandy,Oil seeds,6.1,41.9,51.3,Urea
32.6,70.2,28.3,Black,Wheat,19.9,49.9,57.2,Urea
38.0,73.6,55.3,Black,Tobacco,18.2,39.3,41.1,Urea
27.9,73.8,25.1,Loamy,Pulses,14.1,46.4,48.7,Urea
28.0,61.3,44.3,Red,Millets,12.0,58.2,35.4,Urea
29.3,71.5,50.0,Black,Cotton,19.1,63.8,45.3,Urea
21.1,64.0,45.3,Loamy,Ground Nuts,15.4,35.5,61.2,Urea
29.3,70.4,66.1,Red,Coffee,17.0,39.6,52.3,Urea
26.5,72.7,66.7,Loamy,Oil seeds,20.7,48.5,38.4,Urea
34.8,37.2,66.0,Clayey,Pulses,19.8,50.6,52.7,Urea
32.9,41.9,59.4,Clayey,Oil seeds,15.3,38.4,47.4,Urea
36.5,57.0,44.0,Loamy,Ground Nuts,20.6,52.6,36.0,Urea
23.0,63.5,28.3,Black,Cotton,5.6,44.3,58.4,Urea
22.4,42.3,45.8,Black,Barley,21.6,48.8,51.7,Urea
28.0,64.5,23.4,Red,Millets,17.7,41.3,61.9,Urea
18.7,57.4,48.2,Clayey,Maize,6.1,58.3,48.6,Urea
26.8,53.2,48.0,Loamy,Barley,7.6,40.5,60.9,Urea
23.4,67.4,40.4,Black,Pulses,5.4,39.7,56.5,Urea
18.5,42.9,31.6,Clayey,Millets,16.4,35.6,38.1,Urea
35.7,62.3,56.0,Clayey,Cotton,18.7,64.7,53.1,Urea
36.9,38.2,40.3,Black,Tobacco,10.5,37.6,54.0,Urea
35.0,37.1,63.8,Sandy,Wheat,15.9,56.1,62.3,Urea
24.7,77.9,38.2,Clayey,Tobacco,5.6,59.9,45.4,Urea
35.2,42.7,68.7,Sandy,Sugarcane,18.3,38.4,52.0,Urea
34.0,54.7,21.1,Black,Wheat,9.6,51.2,54.0,Urea
30.9,54.5,26.6,Sandy,Barley,20.3,55.7,55.5,Urea
34.3,58.9,23.4,Loamy,Paddy,11.9,49.9,56.6,Urea
20.8,45.3,33.3,Clayey,Pulses,17.4,42.5,54.0,Urea
29.5,78.6,40.2,Clayey,Wheat,18.1,47.7,45.6,Urea
19.7,65.0,32.3,Black,Maize,11.6,43.7,45.7,Urea
23.9,62.9,43.8,Sandy,Ground Nuts,16.3,63.1,57.0,Urea
18.6,45.2,49.8,Sandy,Pulses,5.9,49.9,52.9,Urea
33.4,36.2,23.8,Loamy,Oil seeds,17.4,49.9,55.7,Urea
22.9,77.5,60.0,Loamy,Oil seeds,16.8,43.2,52.7,Urea
19.8,83.2,26.8,Black,Paddy,21.2,48.4,40.6,Urea
30.8,74.0,56.2,Black,Millets,15.8,64.4,62.1,Urea
37.8,84.8,22.0,Red,Ground Nuts,17.0,62.8,40.4,Urea
36.3,32.0,54.9,Clayey,Barley,10.1,62.7,64.1,Urea
32.9,33.2,42.8,Clayey,Sugarcane,13.9,54.3,54.5,Urea
20.4,34.5,54.8,Black,Coffee,10.8,56.7,37.0,Urea
33.8,48.5,51.3,Sandy,Tobacco,20.1,53.5,42.0,Urea
37.8,30.0,29.3,Black,Pulses,11.5,63.0,37.1,Urea
26.0,57.8,51.4,Red,Maize,19.9,64.5,58.0,Urea
28.5,72.5,20.2,Sandy,Wheat,12.9,43.9,60.6,Urea
18.8,31.0,69.4,Loamy,Paddy,12.3,46.5,55.4,Urea
37.0,75.6,24.5,Red,Ground Nuts,12.1,61.4,63.3,Urea
21.3,87.5,31.6,Black,Sugarcane,21.0,54.5,53.2,Urea
18.9,52.3,21.8,Clayey,Pulses,21.3,59.8,59.0,Urea
36.6,87.7,28.7,Sandy,Oil seeds,11.7,57.7,55.9,Urea
22.5,43.0,46.8,Black,Cotton,15.1,52.4,37.7,Urea
23.3,37.5,64.4,Sandy,Millets,21.2,60.9,59.3,Urea
32.7,46.3,32.6,Sandy,Paddy,5.1,55.9,36.5,Urea
37.2,36.3,64.7,Loamy,Barley,21.9,36.8,61.5,Urea
34.5,50.2,53.9,Clayey,Cotton,14.6,43.0,61.4,Urea
22.9,39.1,28.0,Black,Millets,10.7,42.2,62.9,Urea
33.1,39.2,64.0,Red,Ground Nuts,19.8,35.9,59.8,Urea
22.6,82.7,20.1,Loamy,Ground Nuts,14.5,57.7,42.8,Urea
37.6,66.6,33.0,Loamy,Ground Nuts,15.8,51.2,58.4,Urea
28.8,85.9,37.1,Black,Wheat,15.8,63.0,38.1,Urea
31.8,33.9,35.0,Red,Tobacco,17.0,37.0,52.5,Urea
30.4,32.7,63.6,Sandy,Barley,21.5,64.1,57.5,Urea
33.2,31.4,21.1,Black,Tobacco,10.5,49.7,58.1,Urea
26.9,45.9,69.9,Loamy,Wheat,12.2,48.5,39.9,Urea
22.4,34.8,54.0,Clayey,Ground Nuts,16.1,43.2,63.5,Urea
26.6,84.7,41.0,Red,Millets,15.9,46.9,43.2,Urea
26.2,81.9,31.5,Black,Ground Nuts,8.6,35.9,54.6,Urea
35.3,57.4,68.4,Red,Sugarcane,8.2,61.1,58.3,Urea
33.2,66.3,26.6,Black,Sugarcane,5.6,62.6,53.5,Urea
20.5,69.8,41.5,Sandy,Wheat,8.4,49.7,36.9,Urea
29.8,55.1,69.2,Clayey,Paddy,7.5,48.9,55.4,Urea
23.8,70.3,63.0,Loamy,Barley,18.3,36.2,49.4,Urea
20.1,63.1,20.9,Sandy,Maize,13.2,41.3,45.4,Urea
19.4,61.0,64.1,Loamy,Coffee,6.4,59.7,45.7,Urea
29.4,70.0,60.0,Loamy,Barley,8.4,40.0,38.1,Urea
35.9,64.5,50.8,Black,Cotton,15.4,44.0,63.1,Urea
34.0,49.7,60.7,Loamy,Coffee,6.4,61.8,51.4,Urea
27.0,67.3,46.3,Loamy,Barley,17.4,37.4,36.8,Urea
35.4,42.7,68.8,Red,Oil seeds,10.7,40.5,58.7,Urea
29.1,71.7,31.4,Black,Coffee,21.9,64.2,54.5,Urea
31.6,34.2,21.5,Loamy,Cotton,9.4,48.9,61.0,Urea
26.5,50.1,38.6,Loamy,Millets,21.8,36.2,61.0,Urea
18.6,52.9,50.3,Sandy,Tobacco,15.2,58.8,54.7,Urea
23.7,50.8,39.2,Black,Cotton,12.9,60.1,42.1,Urea
26.1,64.9,51.6,Loamy,Millets,11.3,50.4,47.4,Urea
22.9,80.5,42.3,Clayey,Oil seeds,13.8,45.8,52.8,Urea
24.2,53.1,62.9,Sandy,Ground Nuts,5.2,52.7,53.0,Urea
27.1,43.7,23.7,Red,Wheat,7.9,50.6,45.1,Urea
27.0,64.1,67.4,Sandy,Maize,9.3,45.8,46.4,Urea
25.1,60.9,59.1,Black,Paddy,17.0,48.4,60.9,Urea
20.2,45.6,22.9,Red,Ground Nuts,14.0,63.1,36.2,Urea
21.6,35.1,25.2,Black,Barley,14.9,55.6,46.9,Urea
31.7,31.0,36.2,Loamy,Millets,21.5,52.4,42.6,Urea
24.9,60.9,26.3,Black,Sugarcane,7.3,39.3,63.2,Urea
21.2,40.9,56.5,Red,Wheat,7.7,42.0,63.9,Urea
34.8,84.8,54.2,Loamy,Maize,13.5,53.5,61.1,Urea
20.3,76.1,65.9,Sandy,Coffee,15.2,63.2,59.8,Urea
20.1,68.2,70.0,Clayey,Oil seeds,5.8,64.3,47.2,Urea
19.8,46.7,25.5,Clayey,Oil seeds,16.1,58.0,62.8,Urea
36.0,80.9,35.9,Black,Barley,19.8,46.3,43.9,Urea
24.5,51.3,39.8,Sandy,Paddy,16.8,46.7,48.5,Urea
26.9,30.9,49.4,Sandy,Maize,7.9,54.3,57.8,Urea
28.8,85.2,62.4,Sandy,Cotton,20.5,59.4,38.3,Urea
28.5,44.3,43.8,Clayey,Sugarcane,11.7,51.5,57.4,Urea
28.4,77.7,41.5,Red,Ground Nuts,20.2,37.1,63.6,Urea
25.6,41.4,44.0,Red,Ground Nuts,8.3,40.0,53.5,Urea
31.4,83.9,46.6,Clayey,Tobacco,14.9,37.7,56.5,Urea
37.5,77.7,46.1,Loamy,Maize,7.1,60.8,59.0,Urea
21.7,83.2,41.2,Sandy,Pulses,6.5,59.5,46.2,Urea
20.2,30.1,51.9,Clayey,Pulses,13.8,52.8,58.8,Urea
26.2,78.7,65.0,Loamy,Millets,11.0,42.1,58.4,Urea
34.5,54.6,53.4,Loamy,Millets,6.6,53.7,48.6,Urea
21.4,72.7,63.1,Loamy,Paddy,8.7,37.9,35.7,Urea
22.1,67.0,32.8,Black,Coffee,15.7,36.8,39.3,Urea
31.9,53.5,41.4,Black,Wheat,17.2,55.8,64.7,Urea
30.1,49.6,65.3,Red,Cotton,18.1,42.9,54.4,Urea
26.0,51.3,37.2,Red,Cotton,15.5,48.3,60.0,Urea
19.4,67.1,33.6,Red,Paddy,15.1,55.4,41.9,Urea
21.8,33.0,38.9,Loamy,Cotton,11.2,64.9,48.4,Urea
29.6,35.1,68.1,Red,Millets,15.8,57.6,40.1,Urea
34.4,30.1,35.0,Loamy,Oil seeds,21.7,49.2,46.5,Urea
21.0,87.6,66.4,Red,Cotton,14.2,60.3,50.6,Urea
33.1,37.4,61.3,Loamy,Millets,18.3,56.3,36.1,Urea
23.3,50.9,24.4,Sandy,Wheat,20.9,51.6,44.2,Urea
36.8,80.7,28.1,Red,Wheat,18.4,52.2,52.0,Urea
28.0,53.0,47.0,Red,Pulses,15.7,55.2,51.0,Urea
24.1,34.7,40.1,Black,Wheat,7.9,55.8,45.4,Urea
30.8,77.7,26.6,Red,Sugarcane,19.7,62.7,49.6,Urea
28.1,53.1,27.3,Clayey,Tobacco,11.2,37.0,35.8,Urea
19.6,75.0,26.1,Sandy,Tobacco,15.1,63.1,61.3,Urea
35.0,30.0,20.9,Clayey,Coffee,15.2,45.9,46.6,Urea
21.8,42.3,44.2,Clayey,Cotton,17.8,53.6,43.9,Urea
20.8,37.0,35.2,Black,Oil seeds,6.7,55.8,36.9,Urea
37.9,77.2,50.8,Red,Tobacco,10.2,53.7,50.8,Urea
35.7,56.1,29.7,Loamy,Paddy,11.3,47.4,59.8,Urea
37.3,44.4,26.7,Clayey,Barley,12.1,58.7,52.5,Urea
28.7,42.5,20.6,Loamy,Millets,9.1,64.3,59.0,Urea
25.4,45.4,52.3,Clayey,Tobacco,13.5,43.0,39.5,Urea
24.5,72.8,43.8,Red,Sugarcane,11.4,46.8,48.8,Urea
35.8,85.4,59.3,Clayey,Pulses,10.4,55.6,48.1,Urea
34.8,32.2,65.1,Clayey,Maize,12.8,54.1,54.8,Urea
30.7,65.6,23.3,Black,Barley,13.8,39.5,57.1,Urea
31.6,32.4,24.2,Sandy,Wheat,17.2,37.2,37.1,Urea
28.2,52.5,43.1,Sandy,Paddy,21.9,64.1,63.3,Urea
25.1,53.9,47.5,Black,Coffee,19.1,37.1,47.7,Urea
23.9,74.6,51.2,Red,Maize,11.5,41.2,38.6,Urea
30.9,60.8,22.1,Red,Oil seeds,21.5,59.0,43.8,Urea
27.7,83.4,46.0,Loamy,Barley,15.5,39.7,36.3,Urea
30.0,35.5,38.8,Sandy,Millets,14.4,46.7,39.9,Urea
20.4,41.5,64.3,Red,Tobacco,16.0,43.6,59.5,Urea
36.4,44.6,57.8,Sandy,Coffee,12.8,60.3,56.9,Urea
24.4,73.7,33.5,Red,Ground Nuts,14.2,56.8,38.2,Urea
34.4,42.4,45.3,Clayey,Tobacco,19.3,57.0,51.3,Urea
28.2,47.3,48.3,Clayey,Maize,16.7,61.2,54.1,Urea
27.2,30.5,32.3,Clayey,Millets,17.3,64.8,38.0,Urea
22.1,62.2,56.7,Loamy,Sugarcane,15.5,40.6,45.7,Urea
29.1,30.3,58.0,Clayey,Oil seeds,5.6,57.4,41.1,Urea
25.4,49.0,27.4,Loamy,Paddy,10.2,61.3,64.9,Urea
32.4,81.4,49.7,Red,Tobacco,11.7,47.4,55.9,Urea
30.4,50.6,59.7,Clayey,Pulses,6.6,52.6,49.4,Urea
20.1,43.1,55.1,Black,Millets,5.9,49.6,53.0,Urea
34.5,58.9,23.9,Black,Coffee,6.0,45.0,58.5,Urea
28.3,55.5,27.4,Clayey,Tobacco,10.6,48.0,37.7,Urea
30.0,72.7,69.9,Red,Maize,20.9,54.3,47.6,Urea
33.7,36.9,40.5,Red,Tobacco,19.3,46.5,52.2,Urea
29.3,86.8,28.3,Clayey,Oil seeds,16.9,52.6,52.6,Urea
24.0,84.6,33.0,Sandy,Ground Nuts,12.3,61.2,60.3,Urea
34.1,56.6,44.1,Clayey,Tobacco,7.3,37.4,56.8,Urea
26.7,72.3,58.3,Loamy,Cotton,7.7,53.3,39.1,Urea
27.4,30.8,34.1,Red,Millets,5.8,36.1,43.3,Urea
37.5,51.5,41.4,Red,Millets,19.4,43.0,39.7,Urea
18.9,65.9,48.1,Red,Millets,10.9,44.5,58.2,Urea
29.0,37.4,64.1,Loamy,Millets,11.7,59.8,58.6,Urea
37.6,44.9,52.7,Sandy,Paddy,8.4,52.0,48.9,Urea
30.2,50.3,25.7,Sandy,Paddy,7.6,41.8,42.5,Urea
37.6,43.2,40.2,Sandy,Maize,14.2,58.8,51.5,Urea
22.5,79.1,41.4,Loamy,Barley,7.4,54.9,41.5,Urea
35.2,56.7,57.5,Loamy,Sugarcane,9.9,58.6,38.4,Urea
37.6,76.1,44.9,Black,Pulses,10.8,61.2,51.3,Urea
28.4,41.9,63.9,Red,Tobacco,20.0,61.1,42.2,Urea
37.7,74.8,21.4,Sandy,Millets,6.1,48.9,62.3,Urea
28.0,36.1,52.8,Sandy,Pulses,19.0,46.4,58.3,Urea
22.1,60.4,34.4,Black,Ground Nuts,18.5,52.3,54.0,Urea
28.4,56.0,47.9,Sandy,Millets,7.8,53.4,45.9,Urea
21.4,59.4,49.9,Black,Sugarcane,5.6,45.9,57.0,Urea
26.8,65.7,24.2,Black,Paddy,20.0,59.1,50.2,Urea
20.4,72.1,36.2,Sandy,Wheat,22.0,64.4,54.7,Urea
29.2,60.6,56.0,Black,Paddy,20.1,37.4,56.9,Urea
35.2,77.5,47.0,Clayey,Coffee,17.1,44.4,49.1,Urea
24.3,44.8,61.0,Red,Coffee,20.0,50.8,42.3,Urea
19.7,71.7,41.0,Red,Millets,20.4,57.2,40.7,Urea
26.7,63.5,56.9,Black,Oil seeds,18.7,60.3,42.6,Urea
32.8,36.2,35.7,Sandy,Tobacco,5.1,55.5,40.0,Urea
37.8,34.2,23.9,Red,Coffee,10.8,61.0,41.5,Urea
33.3,53.7,58.0,Clayey,Cotton,20.4,42.0,59.2,Urea
31.0,80.7,20.0,Red,Sugarcane,7.9,46.7,46.4,Urea
28.9,52.1,68.8,Red,Paddy,6.9,47.7,36.3,Urea
23.6,79.8,34.6,Loamy,Barley,20.5,57.6,59.1,Urea
30.4,62.4,51.4,Red,Wheat,14.1,54.1,48.5,Urea
19.9,44.0,20.6,Clayey,Tobacco,13.0,44.0,53.0,Urea
24.0,73.1,22.4,Black,Oil seeds,20.3,60.6,55.0,Urea
21.7,34.6,32.0,Sandy,Millets,18.5,36.0,52.5,Urea
28.4,33.7,61.6,Loamy,Paddy,15.2,38.4,37.8,Urea
31.4,78.1,63.9,Clayey,Oil seeds,14.7,50.5,47.9,Urea
26.7,74.9,50.1,Red,Barley,20.2,48.3,53.2,Urea
29.8,70.8,31.9,Black,Barley,13.7,38.1,46.5,Urea
31.0,85.1,50.0,Clayey,Cotton,17.6,50.2,54.0,Urea
25.2,57.4,22.3,Sandy,Sugarcane,7.4,43.3,64.1,Urea
30.5,57.2,42.4,Clayey,Maize,13.1,52.7,51.1,Urea
22.4,32.1,25.4,Sandy,Maize,10.8,59.1,52.2,Urea
18.9,46.1,60.8,Loamy,Ground Nuts,9.8,59.5,50.9,Urea
29.5,31.7,53.8,Black,Wheat,5.8,48.5,62.9,Urea
25.8,72.3,64.1,Clayey,Maize,16.4,42.7,55.2,Urea
37.1,77.6,20.1,Sandy,Pulses,15.8,36.5,42.7,Urea
31.7,36.6,39.2,Sandy,Tobacco,12.8,46.1,38.6,Urea
33.0,34.1,24.0,Red,Millets,11.0,63.3,55.1,Urea
25.2,64.4,20.5,Sandy,Pulses,15.8,62.4,53.4,Urea
32.5,37.0,65.1,Red,Cotton,6.1,51.0,39.3,Urea
26.4,47.1,44.3,Sandy,Oil seeds,14.8,36.3,38.7,Urea
32.6,67.8,62.3,Sandy,Oil seeds,16.8,47.9,55.2,Urea
35.2,64.2,31.3,Sandy,Paddy,11.5,48.5,52.4,Urea
24.4,63.8,38.6,Sandy,Wheat,15.2,56.2,55.7,Urea
21.3,67.5,22.2,Loamy,Millets,18.0,63.4,45.2,Urea
25.6,30.4,39.3,Loamy,Coffee,18.5,52.9,38.0,Urea
25.3,42.6,69.4,Clayey,Millets,12.7,55.6,39.2,Urea
37.5,60.9,26.8,Clayey,Millets,6.7,41.3,62.8,Urea
25.9,48.2,27.4,Black,Pulses,13.3,38.9,60.1,Urea
25.5,57.5,42.2,Clayey,Pulses,21.9,51.4,37.6,Urea
18.6,86.3,58.7,Black,Tobacco,21.7,49.3,51.0,Urea
22.9,78.6,37.8,Clayey,Barley,19.1,56.3,40.3,Urea
22.7,78.2,47.2,Clayey,Coffee,7.8,52.5,65.0,Urea
27.8,53.3,69.7,Clayey,Sugarcane,20.0,53.7,52.1,Urea
22.0,52.9,22.0,Loamy,Cotton,13.1,51.3,41.8,Urea
30.0,50.5,42.9,Black,Paddy,5.6,57.4,51.5,Urea
31.6,57.1,21.7,Clayey,Maize,21.5,63.5,50.4,Urea
33.1,58.5,35.1,Red,Coffee,13.4,50.7,51.9,Urea
36.4,51.0,56.3,Black,Ground Nuts,20.2,48.7,48.3,Urea
37.1,41.6,25.5,Red,Wheat,19.5,48.2,60.4,Urea
23.1,31.8,68.6,Black,Barley,8.8,57.0,57.9,Urea
32.5,70.2,26.7,Clayey,Barley,10.1,45.8,59.1,Urea
28.6,76.0,69.5,Black,Millets,8.4,64.8,37.7,Urea
24.8,66.7,23.5,Black,Maize,5.1,63.1,59.7,Urea
34.9,65.6,24.4,Sandy,Maize,13.3,37.3,47.2,Urea
29.0,66.7,48.9,Black,Cotton,16.9,35.2,38.0,Urea
20.3,78.8,32.1,Loamy,Millets,13.1,39.4,56.3,Urea
23.6,76.6,66.5,Red,Sugarcane,11.9,62.2,44.6,Urea
22.5,67.1,68.9,Clayey,Wheat,15.3,45.7,54.4,Urea
28.1,56.1,49.3,Sandy,Wheat,15.6,37.2,55.5,Urea
22.7,47.6,34.5,Loamy,Coffee,14.6,38.6,62.5,Urea
27.9,46.5,26.7,Loamy,Coffee,15.7,36.6,57.5,Urea
28.2,32.7,33.8,Sandy,Maize,17.0,36.9,60.2,Urea
22.9,73.0,35.8,Sandy,Barley,6.7,45.8,43.1,Urea
24.3,75.8,64.6,Black,Sugarcane,12.4,62.3,46.3,Urea
19.8,69.8,44.7,Red,Cotton,11.6,54.0,56.1,Urea
23.1,80.8,29.1,Loamy,Wheat,9.7,38.9,55.3,Urea
20.1,75.3,52.2,Sandy,Oil seeds,5.8,45.8,63.7,Urea
27.5,36.4,51.7,Red,Oil seeds,18.1,35.1,60.8,Urea
29.0,54.1,56.0,Clayey,Sugarcane,11.3,61.1,56.9,Urea
31.6,65.2,34.8,Sandy,Tobacco,7.3,54.5,57.2,Urea
30.9,52.9,55.7,Red,Barley,8.4,61.7,43.6,Urea
34.5,75.4,47.2,Black,Oil seeds,6.7,55.6,42.3,Urea
32.2,85.0,21.6,Loamy,Barley,17.5,44.9,62.2,Urea
32.5,80.9,22.1,Red,Millets,11.8,57.9,48.6,Urea
20.6,79.7,48.8,Sandy,Millets,6.3,46.5,46.0,Urea
26.7,49.3,37.1,Clayey,Barley,17.6,41.7,54.3,Urea
31.3,61.8,64.0,Red,Ground Nuts,16.5,51.4,59.9,Urea
27.2,53.1,35.1,Sandy,Millets,6.1,41.8,42.4,Urea
27.5,33.4,67.9,Red,Coffee,21.0,58.6,64.7,Urea
37.3,34.4,38.3,Loamy,Ground Nuts,8.8,40.9,39.2,Urea
33.6,63.5,27.3,Loamy,Oil seeds,18.8,54.1,46.6,Urea
23.2,50.0,65.9,Red,Ground Nuts,9.9,49.1,61.7,Urea
31.8,84.0,44.9,Sandy,Sugarcane,8.9,36.3,47.5,Urea
22.8,59.0,54.0,Black,Sugarcane,6.3,43.2,59.2,Urea
21.6,56.6,48.0,Loamy,Pulses,19.7,49.4,61.9,Urea
20.7,87.7,46.4,Red,Maize,11.7,54.8,38.3,Urea
28.0,53.6,67.7,Red,Cotton,13.9,41.6,48.8,Urea
21.5,42.4,20.7,Loamy,Cotton,5.2,59.9,57.0,Urea
32.0,52.9,67.6,Clayey,Sugarcane,21.4,46.8,60.6,Urea
27.2,75.3,68.0,Red,Maize,18.0,60.7,53.1,Urea
33.7,51.9,47.6,Clayey,Pulses,18.7,36.4,59.2,Urea
32.6,35.5,41.4,Loamy,Wheat,5.5,49.4,54.9,Urea
23.8,53.1,66.0,Loamy,Tobacco,21.9,36.3,57.8,Urea
25.8,73.7,65.9,Sandy,Cotton,21.2,52.3,45.7,Urea
25.7,63.3,40.8,Loamy,Tobacco,19.4,62.1,61.3,Urea
18.6,78.7,57.6,Red,Tobacco,8.9,63.7,39.4,Urea
37.0,63.7,41.8,Clayey,Oil seeds,14.9,50.5,57.8,Urea
26.6,82.4,62.3,Black,Coffee,11.8,57.9,59.7,Urea
22.1,64.3,29.3,Red,Sugarcane,10.6,60.7,41.2,Urea
19.4,84.6,45.3,Sandy,Ground Nuts,12.0,59.3,60.1,Urea
31.9,74.7,52.7,Clayey,Tobacco,7.6,61.3,51.2,Urea
36.6,52.7,47.3,Red,Wheat,14.0,52.7,36.8,Urea
37.5,43.1,35.2,Clayey,Oil seeds,10.2,41.9,35.0,Urea
24.2,72.4,52.0,Red,Coffee,12.1,57.8,53.3,Urea
23.1,45.7,26.3,Clayey,Oil seeds,10.7,65.0,47.2,Urea
29.8,68.3,23.9,Clayey,Barley,14.3,56.3,40.0,Urea
37.0,32.5,33.3,Sandy,Maize,15.2,43.9,56.4,Urea
20.1,59.8,45.4,Clayey,Paddy,11.3,63.0,59.8,Urea
36.4,70.3,56.4,Black,Barley,19.6,43.2,59.2,Urea
24.9,49.5,68.9,Clayey,Oil seeds,19.6,56.0,56.8,Urea
29.0,48.1,44.1,Clayey,Wheat,13.6,46.6,62.2,Urea
33.6,37.2,59.9,Sandy,Cotton,15.5,60.3,37.9,Urea
32.1,61.0,47.0,Black,Cotton,12.3,44.3,49.5,Urea
37.0,43.2,64.0,Clayey,Cotton,18.7,55.3,53.8,Urea
34.3,59.1,23.5,Loamy,Millets,10.3,63.1,60.5,Urea
18.2,69.1,22.6,Black,Cotton,14.3,43.6,44.2,Urea
30.4,49.4,56.6,Black,Coffee,11.9,37.1,58.5,Urea
31.7,49.3,22.8,Loamy,Oil seeds,11.4,63.3,54.3,Urea
30.0,87.4,36.3,Black,Barley,21.0,62.4,35.3,Urea
21.6,86.3,25.7,Clayey,Pulses,11.9,57.1,56.1,Urea
24.9,53.1,33.2,Sandy,Maize,8.5,49.5,43.1,Urea
31.1,86.2,50.2,Red,Millets,6.3,37.3,63.5,Urea
19.8,64.7,51.2,Black,Oil seeds,16.0,43.0,35.5,Urea
23.0,69.2,55.3,Black,Barley,15.4,44.4,43.1,Urea
35.3,84.9,25.3,Red,Sugarcane,7.6,63.3,57.1,Urea
33.4,66.3,38.7,Clayey,Ground Nuts,5.9,53.8,46.6,Urea
27.0,85.5,40.0,Sandy,Oil seeds,19.3,40.7,55.2,Urea
18.2,55.1,24.6,Sandy,Pulses,17.7,62.4,48.0,Urea
32.5,30.5,49.5,Red,Ground Nuts,15.4,54.1,42.3,Urea
31.1,77.5,22.5,Red,Millets,20.5,35.9,45.7,Urea
23.0,33.6,42.9,Clayey,Ground Nuts,17.5,53.2,55.2,Urea
34.8,76.7,61.1,Loamy,Wheat,20.9,51.3,41.0,Urea
32.9,72.8,46.1,Loamy,Barley,6.2,46.1,62.6,Urea
24.7,80.2,65.8,Black,Oil seeds,19.6,36.1,58.6,Urea
23.0,70.9,41.4,Loamy,Pulses,12.5,54.5,63.1,Urea
34.5,47.0,42.2,Red,Sugarcane,5.4,44.0,50.1,Urea
27.8,83.8,25.3,Clayey,Ground Nuts,18.0,47.3,54.7,Urea
21.2,39.3,23.5,Sandy,Barley,8.2,54.9,61.5,Urea
26.9,76.7,20.4,Clayey,Tobacco,20.7,48.3,51.6,Urea
32.9,34.4,63.6,Sandy,Paddy,19.1,41.5,59.3,Urea
30.6,51.7,33.6,Clayey,Tobacco,8.9,44.6,62.1,Urea
25.0,60.3,59.7,Black,Cotton,20.0,45.3,48.9,Urea
23.9,56.6,40.6,Sandy,Barley,17.3,46.5,49.7,Urea
32.8,80.1,46.6,Clayey,Maize,18.4,43.9,51.2,Urea
32.6,81.1,26.1,Sandy,Ground Nuts,15.8,52.5,38.6,Urea
24.2,39.7,32.2,Loamy,Coffee,9.5,45.1,57.5,Urea
26.3,54.9,47.0,Black,Oil seeds,16.8,56.1,40.2,Urea
26.2,80.5,51.6,Loamy,Sugarcane,14.1,38.5,53.2,Urea
20.9,70.1,30.3,Clayey,Wheat,11.7,61.9,41.1,Urea
26.4,31.1,59.6,Sandy,Wheat,6.2,49.2,51.8,Urea
31.8,44.7,20.5,Clayey,Ground Nuts,17.3,51.1,60.1,Urea
34.9,58.1,36.7,Sandy,Barley,18.5,48.5,40.5,Urea
35.7,57.0,23.8,Loamy,Oil seeds,11.6,59.1,62.1,Urea
35.5,52.6,47.1,Loamy,Millets,21.5,37.0,54.4,Urea
25.5,76.6,41.7,Clayey,Sugarcane,22.0,51.8,44.6,Urea
25.0,51.6,23.4,Black,Cotton,11.3,48.9,56.7,Urea
36.6,52.0,61.6,Loamy,Ground Nuts,19.3,46.2,54.0,Urea
29.0,33.9,58.3,Loamy,Millets,14.9,58.5,57.6,Urea
20.8,68.9,51.0,Loamy,Tobacco,17.6,40.1,40.8,Urea
33.0,82.7,57.9,Red,Barley,15.2,54.6,61.7,Urea
30.6,39.1,43.7,Clayey,Paddy,17.2,43.1,41.1,Urea
22.8,42.5,41.2,Black,Oil seeds,20.4,50.2,40.6,Urea
31.9,52.2,61.1,Sandy,Pulses,16.2,58.9,43.2,Urea
36.8,66.9,36.2,Sandy,Cotton,9.6,40.7,55.8,Urea
29.9,45.3,53.1,Clayey,Ground Nuts,18.9,58.3,57.8,Urea
32.0,51.4,41.6,Red,Pulses,5.5,42.8,36.0,Urea
34.5,66.5,62.9,Clayey,Cotton,18.3,47.9,41.0,Urea
37.9,77.9,62.2,Clayey,Wheat,9.2,52.3,37.0,Urea
36.1,84.1,60.1,Black,Tobacco,16.5,35.2,49.0,Urea
37.2,81.7,62.5,Clayey,Maize,11.9,35.4,37.4,Urea
18.3,31.0,65.8,Clayey,Cotton,17.0,44.3,39.0,Urea
29.3,66.2,63.2,Black,Pulses,15.0,52.4,64.7,Urea
31.5,38.0,48.9,Black,Ground Nuts,14.7,61.1,46.4,Urea
30.4,66.7,43.5,Loamy,Wheat,12.5,49.8,60.8,Urea
36.8,59.2,67.5,Loamy,Tobacco,19.2,45.9,60.9,Urea
30.6,33.2,52.2,Black,Paddy,21.6,37.1,51.6,Urea
30.0,40.4,55.3,Sandy,Wheat,12.7,55.0,60.1,Urea
31.7,31.4,28.6,Loamy,Tobacco,12.7,48.6,55.6,Urea
27.8,53.3,27.7,Black,Coffee,14.7,43.3,62.6,Urea
29.9,50.6,22.6,Loamy,Ground Nuts,5.5,47.7,37.5,Urea
22.9,70.1,49.8,Red,Tobacco,13.5,64.3,55.5,Urea
34.0,81.3,26.3,Black,Paddy,8.4,41.5,55.7,Urea
36.8,75.0,26.4,Sandy,Millets,10.9,48.1,46.9,Urea
36.8,34.9,39.3,Sandy,Pulses,6.2,41.3,41.9,Urea
23.4,35.9,28.4,Red,Sugarcane,7.5,64.2,57.8,Urea
21.1,42.0,51.5,Red,Millets,8.7,35.6,59.8,Urea
25.1,47.5,68.8,Red,Maize,7.9,61.9,58.3,Urea
32.1,65.8,27.8,Loamy,Wheat,13.1,58.4,44.1,Urea
23.5,58.3,24.1,Black,Coffee,12.8,44.2,59.7,Urea
26.4,56.6,56.3,Loamy,Paddy,14.8,55.0,58.3,Urea
34.8,87.4,64.5,Loamy,Wheat,11.3,40.9,49.7,Urea
27.7,78.6,38.1,Sandy,Coffee,19.6,47.2,44.8,Urea
33.2,37.3,29.8,Red,Ground Nuts,21.2,40.3,52.0,Urea
27.8,67.4,31.5,Sandy,Coffee,14.4,46.2,54.9,Urea
23.6,42.7,29.1,Red,Paddy,19.0,43.6,62.8,Urea
25.5,76.3,38.4,Sandy,Barley,6.5,51.7,60.4,Urea
31.5,42.8,30.9,Clayey,Tobacco,19.9,42.5,42.9,Urea
33.9,66.4,57.5,Clayey,Pulses,7.6,48.7,45.5,Urea
27.7,83.4,22.0,Sandy,Millets,10.0,41.2,42.1,Urea
18.1,74.8,55.1,Black,Wheat,15.5,57.8,50.4,Urea
26.0,78.0,28.5,Clayey,Sugarcane,5.5,41.1,45.2,Urea
31.4,57.2,58.7,Black,Tobacco,7.1,53.8,43.4,Urea
36.6,87.8,59.8,Sandy,Tobacco,17.8,41.5,45.1,Urea
33.5,83.1,29.5,Red,Maize,20.7,55.9,53.3,Urea
33.0,37.3,58.6,Loamy,Cotton,9.0,55.3,52.0,Urea
18.4,78.0,46.2,Loamy,Barley,18.2,42.0,45.4,Urea
37.2,68.7,66.7,Sandy,Paddy,9.5,53.3,55.4,Urea
30.4,64.8,45.3,Red,Sugarcane,11.0,62.4,45.2,Urea
31.6,61.5,37.3,Clayey,Tobacco,12.4,58.8,43.3,Urea
23.2,49.9,61.7,Black,Coffee,20.9,40.6,46.2,Urea
19.2,35.4,28.1,Red,Barley,15.1,39.5,64.0,Urea
21.8,30.3,23.0,Sandy,Sugarcane,20.4,54.4,43.2,Urea
23.9,36.7,67.1,Black,Cotton,18.3,48.9,60.9,Urea
32.3,79.7,37.8,Red,Pulses,17.9,43.9,44.0,Urea
21.8,40.7,37.1,Sandy,Barley,12.3,59.9,38.6,Urea
20.3,69.6,67.5,Clayey,Maize,7.3,57.0,54.0,Urea
28.9,82.3,37.2,Sandy,Pulses,17.5,54.8,62.9,Urea
29.3,68.1,64.9,Red,Cotton,11.8,44.8,35.3,Urea
20.0,34.4,38.1,Black,Paddy,6.6,52.6,41.8,Urea
32.8,31.9,52.9,Black,Sugarcane,14.0,38.1,40.2,Urea
23.9,84.4,60.9,Black,Millets,21.7,42.8,64.1,Urea
25.0,32.9,22.6,Clayey,Millets,16.8,48.7,41.8,Urea
20.8,69.9,64.9,Sandy,Maize,17.7,37.3,61.9,Urea
29.1,39.1,61.7,Sandy,Maize,11.1,62.4,52.0,Urea
33.2,75.3,33.8,Clayey,Barley,8.5,35.5,55.4,Urea
26.4,64.9,66.9,Loamy,Maize,10.3,42.5,54.6,Urea
24.6,83.8,62.2,Loamy,Sugarcane,8.8,42.2,50.4,Urea
31.9,67.6,31.6,Black,Coffee,16.6,63.2,36.4,Urea
36.0,85.8,42.2,Clayey,Maize,17.8,50.9,51.1,Urea
29.1,31.7,65.4,Clayey,Tobacco,7.7,41.6,50.5,Urea
22.6,59.1,56.6,Loamy,Cotton,21.3,41.6,61.6,Urea
25.6,48.4,34.3,Red,Cotton,6.6,44.4,36.3,Urea
32.6,77.8,27.3,Clayey,Wheat,19.2,51.2,60.3,Urea
33.4,59.0,41.7,Red,Tobacco,9.2,51.4,43.2,Urea
22.3,81.3,48.0,Loamy,Tobacco,19.1,56.4,55.9,Urea
32.6,50.1,53.6,Red,Maize,18.7,63.4,47.0,Urea
33.6,87.9,29.6,Black,Ground Nuts,12.8,47.9,44.1,Urea
19.3,81.5,41.0,Sandy,Wheat,13.4,62.5,58.3,Urea
26.4,73.9,64.9,Loamy,Millets,6.4,46.8,38.0,Urea
31.2,64.9,28.2,Sandy,Oil seeds,9.0,35.7,60.0,Urea
20.7,43.4,63.4,Clayey,Wheat,20.7,47.6,36.5,Urea
18.2,79.8,56.6,Black,Maize,21.1,58.4,44.4,Urea
25.3,62.8,20.3,Loamy,Coffee,6.1,51.1,52.0,Urea
26.2,39.5,31.1,Red,Coffee,10.4,42.8,37.6,Urea
27.0,49.6,63.5,Loamy,Tobacco,6.4,41.3,57.6,Urea
27.9,55.6,36.7,Clayey,Tobacco,11.7,50.9,39.8,Urea
34.1,74.1,27.7,Loamy,Paddy,7.5,43.0,45.8,Urea
34.5,63.9,36.9,Loamy,Paddy,18.6,42.4,64.3,Urea
24.7,48.1,26.1,Red,Barley,6.9,54.4,61.3,Urea
31.5,77.8,39.8,Sandy,Tobacco,7.7,57.1,45.8,Urea
23.4,34.7,69.6,Loamy,Tobacco,7.7,64.7,64.3,Urea
28.1,67.0,69.3,Black,Oil seeds,18.1,48.0,48.4,Urea
31.3,59.0,52.2,Loamy,Coffee,5.4,47.9,43.4,Urea
20.0,65.0,46.2,Black,Wheat,9.3,49.1,49.8,Urea
33.6,75.9,50.1,Sandy,Coffee,13.7,36.8,43.6,Urea
37.3,37.8,27.6,Loamy,Ground Nuts,20.1,63.3,58.0,Urea
18.0,51.9,27.2,Loamy,Coffee,5.3,48.9,63.3,Urea
32.9,42.7,23.0,Sandy,Millets,7.2,53.2,60.5,Urea
32.7,49.8,43.9,Black,Ground Nuts,20.8,45.0,49.0,Urea
19.6,45.0,21.4,Sandy,Pulses,15.7,47.8,51.4,Urea
31.3,86.0,22.5,Black,Sugarcane,20.1,52.3,51.9,Urea
28.9,78.7,26.4,Clayey,Pulses,18.6,60.9,39.5,Urea
32.5,75.5,69.7,Red,Tobacco,15.3,44.2,60.1,Urea
29.6,44.7,57.8,Red,Sugarcane,6.4,62.7,44.8,Urea
18.3,72.3,36.2,Black,Wheat,16.3,51.7,45.3,Urea
34.6,83.3,52.5,Red,Maize,6.8,47.1,56.9,Urea
18.0,71.3,37.8,Black,Ground Nuts,9.3,35.4,51.2,Urea
34.5,82.1,47.7,Clayey,Ground Nuts,18.8,46.5,55.0,Urea
22.5,52.6,44.0,Clayey,Coffee,7.3,37.4,59.9,Urea
35.5,87.7,49.1,Black,Barley,18.8,44.8,44.2,Urea
31.5,69.6,35.8,Sandy,Sugarcane,7.3,54.0,38.8,Urea
31.9,70.6,57.7,Black,Coffee,19.8,50.0,56.9,Urea
21.7,31.5,34.2,Clayey,Ground Nuts,12.5,53.5,60.5,Urea
20.5,85.9,25.4,Black,Millets,13.1,52.6,51.2,Urea
19.1,36.1,49.3,Red,Millets,14.3,42.0,54.1,Urea
18.8,58.9,54.5,Black,Ground Nuts,9.3,44.2,53.4,Urea
34.2,63.8,56.5,Sandy,Cotton,11.2,54.2,49.0,Urea
32.0,62.3,37.9,Sandy,Coffee,20.5,35.6,44.5,Urea
34.7,47.6,68.3,Sandy,Oil seeds,15.7,62.9,55.3,Urea
25.4,61.9,59.5,Loamy,Ground Nuts,10.4,52.4,45.4,Urea
27.3,34.4,28.3,Sandy,Barley,6.0,50.0,38.2,Urea
37.7,30.0,50.7,Red,Millets,15.5,48.7,46.9,Urea
32.6,37.9,29.9,Sandy,Pulses,8.1,42.9,50.8,Urea
35.4,47.2,28.1,Loamy,Barley,16.5,36.1,53.6,Urea
29.0,64.5,63.6,Loamy,Tobacco,14.8,45.4,59.1,Urea
19.6,62.8,65.4,Loamy,Tobacco,11.7,43.9,39.3,Urea
25.4,65.6,46.2,Black,Ground Nuts,10.4,49.1,50.1,Urea
30.6,78.1,59.2,Black,Sugarcane,9.7,63.2,38.7,Urea
37.4,40.3,56.1,Loamy,Pulses,5.7,47.2,50.5,Urea
35.9,38.7,59.3,Clayey,Oil seeds,15.5,45.3,61.2,Urea
22.5,62.9,37.6,Red,Wheat,15.4,35.7,38.5,Urea
21.8,56.6,57.6,Loamy,Cotton,20.4,60.1,40.9,Urea
22.0,45.3,45.2,Black,Tobacco,6.2,41.5,63.1,Urea
26.9,30.8,32.4,Loamy,Oil seeds,19.7,39.9,47.5,Urea
27.6,31.2,61.0,Black,Wheat,19.0,58.6,43.5,Urea
28.9,51.7,51.3,Black,Pulses,5.2,39.3,57.3,Urea
19.0,53.1,45.6,Clayey,Cotton,13.2,46.5,60.2,Urea
18.1,31.5,47.7,Red,Tobacco,13.8,64.8,41.1,Urea
19.0,35.7,22.2,Clayey,Paddy,8.1,51.2,54.4,Urea
36.9,78.8,34.8,Sandy,Pulses,6.3,40.1,38.8,Urea
21.3,33.4,54.5,Loamy,Oil seeds,17.4,36.4,62.8,Urea
19.5,30.2,53.5,Black,Coffee,15.9,47.3,49.7,Urea
24.7,40.3,24.9,Red,Coffee,21.3,53.0,56.9,Urea
19.9,40.4,59.9,Clayey,Paddy,16.5,51.4,49.3,Urea
30.6,67.6,62.2,Red,Sugarcane,10.5,55.6,63.8,Urea
27.8,66.6,57.0,Clayey,Coffee,15.4,35.5,40.8,Urea
23.5,72.4,38.6,Red,Wheat,13.9,37.0,40.4,Urea
35.8,67.8,43.0,Clayey,Pulses,16.5,53.6,52.1,Urea
25.9,37.7,27.9,Red,Cotton,21.1,61.4,62.2,Urea
22.2,50.6,53.5,Sandy,Oil seeds,13.2,47.6,45.7,Urea
29.5,39.4,43.6,Black,Sugarcane,14.4,52.1,41.3,Urea
23.1,57.4,22.2,Black,Millets,16.9,44.9,57.3,Urea
32.7,65.4,44.4,Sandy,Paddy,7.3,42.8,47.6,Urea
28.3,46.7,20.3,Sandy,Coffee,49.9,9.3,57.0,DAP
29.7,84.6,28.7,Clayey,Ground Nuts,49.1,6.4,53.8,DAP
26.1,60.2,64.8,Sandy,Tobacco,40.9,5.3,60.8,DAP
35.8,64.6,60.5,Black,Sugarcane,47.9,16.2,62.4,DAP
21.6,45.6,29.9,Sandy,Pulses,42.4,9.6,51.7,DAP
19.3,78.2,28.9,Clayey,Pulses,56.7,16.6,56.4,DAP
18.3,50.9,50.2,Loamy,Coffee,46.6,18.0,44.3,DAP
23.3,49.3,47.9,Loamy,Tobacco,56.2,14.9,59.2,DAP
37.9,71.8,34.4,Loamy,Tobacco,61.4,5.7,41.9,DAP
18.0,82.4,21.2,Sandy,Paddy,41.3,11.2,45.7,DAP
18.8,59.7,54.0,Red,Millets,63.0,14.3,59.1,DAP
25.7,51.7,64.3,Clayey,Wheat,39.5,7.3,44.9,DAP
37.3,54.8,51.6,Sandy,Sugarcane,56.8,10.5,39.4,DAP
24.3,66.9,39.9,Black,Barley,35.2,12.9,62.6,DAP
33.9,48.8,58.3,Sandy,Tobacco,39.3,14.9,54.2,DAP
19.2,58.2,25.5,Black,Maize,42.5,9.8,59.3,DAP
24.0,79.8,62.9,Loamy,Maize,57.9,7.2,55.7,DAP
19.1,68.8,31.6,Clayey,Oil seeds,42.3,9.6,36.9,DAP
18.1,55.8,24.2,Black,Barley,55.5,8.5,63.3,DAP
23.8,75.4,60.2,Black,Tobacco,64.6,14.0,37.5,DAP
35.5,39.8,22.7,Red,Cotton,56.5,12.1,60.5,DAP
21.4,78.5,47.4,Red,Wheat,40.7,15.8,50.3,DAP
33.9,86.9,66.6,Sandy,Cotton,63.0,11.0,49.1,DAP
24.1,38.1,50.6,Clayey,Maize,44.2,9.9,37.1,DAP
30.6,45.7,32.4,Black,Sugarcane,63.3,9.5,58.3,DAP
28.9,86.6,38.5,Clayey,Tobacco,45.7,10.2,50.6,DAP
28.1,59.4,26.9,Clayey,Wheat,64.5,8.7,37.2,DAP
28.6,57.1,40.5,Sandy,Millets,59.5,18.4,60.6,DAP
27.2,44.9,57.6,Sandy,Ground Nuts,50.4,9.8,52.9,DAP
23.2,30.1,38.8,Sandy,Paddy,52.1,12.2,60.9,DAP
29.1,59.8,34.1,Loamy,Oil seeds,59.7,16.3,57.0,DAP
32.5,43.4,55.3,Sandy,Sugarcane,44.2,8.6,37.2,DAP
32.4,36.4,21.8,Black,Maize,64.8,8.5,36.6,DAP
18.8,52.7,60.1,Loamy,Millets,45.2,11.7,55.3,DAP
35.2,80.2,20.5,Loamy,Maize,58.3,11.9,64.7,DAP
29.2,46.2,59.1,Loamy,Pulses,61.6,11.0,60.9,DAP
28.7,79.8,36.3,Clayey,Paddy,63.6,6.8,35.5,DAP
19.4,87.5,67.6,Red,Millets,39.1,13.1,40.5,DAP
22.5,51.1,41.9,Sandy,Wheat,64.3,17.1,57.1,DAP
34.8,49.7,55.4,Loamy,Sugarcane,64.8,9.7,55.2,DAP
23.7,48.9,21.0,Black,Millets,57.8,5.6,60.9,DAP
37.1,44.3,63.0,Clayey,Maize,40.1,17.8,35.4,DAP
34.7,59.1,20.7,Red,Maize,59.1,19.7,53.2,DAP
25.5,52.8,47.2,Red,Sugarcane,39.8,15.4,40.0,DAP
28.1,76.2,57.0,Clayey,Maize,54.4,7.3,51.4,DAP
22.4,40.8,67.5,Black,Sugarcane,41.3,8.9,64.1,DAP
21.6,52.7,67.4,Sandy,Tobacco,39.2,16.5,38.3,DAP
33.4,66.5,51.7,Clayey,Pulses,48.5,13.0,57.4,DAP
36.5,77.6,48.1,Loamy,Sugarcane,55.1,18.9,53.6,DAP
31.8,62.0,32.1,Loamy,Sugarcane,47.8,19.5,54.7,DAP
30.0,70.4,38.1,Black,Coffee,59.7,8.1,49.1,DAP
21.6,36.4,64.2,Loamy,Pulses,45.3,15.3,35.8,DAP
35.1,72.1,38.0,Loamy,Maize,37.6,8.0,51.4,DAP
22.6,79.2,39.9,Sandy,Maize,42.4,17.2,45.3,DAP
29.4,63.7,55.7,Sandy,Paddy,42.2,11.7,43.5,DAP
21.9,39.6,65.8,Loamy,Maize,44.8,10.6,57.8,DAP
28.0,63.8,48.9,Red,Sugarcane,36.6,9.7,50.0,DAP
35.5,35.1,44.4,Red,Paddy,55.7,8.9,53.7,DAP
25.0,82.8,48.4,Clayey,Cotton,57.9,17.2,45.3,DAP
35.0,51.1,59.7,Black,Maize,63.2,14.3,57.2,DAP
25.9,33.0,40.1,Clayey,Barley,55.2,11.8,57.5,DAP
30.7,40.8,57.5,Red,Barley,51.4,8.1,43.8,DAP
27.7,42.5,68.4,Loamy,Oil seeds,56.5,19.4,47.8,DAP
37.2,61.1,50.9,Sandy,Coffee,55.4,15.0,50.3,DAP
18.8,86.7,32.1,Red,Millets,54.9,17.6,51.5,DAP
32.6,64.8,56.6,Red,Tobacco,58.1,19.6,52.2,DAP
31.0,34.0,64.9,Loamy,Coffee,38.6,9.9,59.5,DAP
21.8,62.2,49.2,Clayey,Cotton,41.2,17.8,37.5,DAP
21.6,55.0,28.3,Black,Paddy,56.2,13.0,54.1,DAP
22.2,32.4,36.1,Clayey,Barley,51.8,17.9,55.0,DAP
37.1,71.7,66.5,Black,Wheat,50.8,8.9,36.6,DAP
20.4,47.6,46.6,Loamy,Maize,51.9,14.0,40.0,DAP
30.3,86.2,56.4,Loamy,Paddy,62.7,16.4,52.8,DAP
27.7,31.4,32.4,Clayey,Cotton,47.2,9.2,39.1,DAP
34.3,44.9,58.7,Red,Pulses,46.6,12.6,60.7,DAP
34.1,37.9,23.5,Loamy,Paddy,61.8,10.8,43.6,DAP
34.7,80.0,35.8,Loamy,Barley,60.6,5.6,36.5,DAP
19.3,48.8,53.6,Black,Sugarcane,45.1,7.7,43.4,DAP
33.7,73.5,42.8,Sandy,Ground Nuts,60.4,6.7,42.7,DAP
25.6,86.9,43.3,Sandy,Tobacco,58.8,11.0,47.7,DAP
26.8,79.0,33.1,Clayey,Wheat,47.7,5.6,48.5,DAP
31.1,50.3,50.9,Loamy,Barley,61.5,8.5,47.1,DAP
35.4,62.7,45.8,Sandy,Ground Nuts,43.5,12.8,60.4,DAP
23.8,41.7,33.3,Loamy,Paddy,40.1,6.4,47.6,DAP
21.4,61.7,28.2,Sandy,Millets,36.9,9.8,41.6,DAP
28.3,35.8,20.8,Black,Pulses,63.9,10.7,53.1,DAP
25.9,79.4,37.3,Loamy,Paddy,36.1,16.2,59.1,DAP
21.8,71.7,33.6,Clayey,Paddy,44.5,17.7,49.3,DAP
24.0,40.7,57.8,Red,Cotton,49.2,8.4,53.5,DAP
24.5,57.2,27.4,Clayey,Wheat,64.5,8.1,38.9,DAP
34.8,76.9,35.9,Clayey,Tobacco,35.3,10.7,44.1,DAP
28.1,53.4,51.7,Sandy,Coffee,53.6,6.8,64.3,DAP
36.8,69.2,38.2,Loamy,Wheat,63.1,9.1,45.0,DAP
36.5,87.9,21.6,Sandy,Millets,42.1,9.7,47.0,DAP
24.1,87.0,52.1,Black,Pulses,56.5,19.6,46.3,DAP
26.7,80.4,29.0,Red,Paddy,63.4,8.3,44.8,DAP
27.8,37.7,32.1,Sandy,Tobacco,43.8,18.9,41.9,DAP
25.4,68.5,25.9,Loamy,Pulses,63.6,18.0,52.3,DAP
24.8,76.1,23.9,Loamy,Maize,43.5,13.8,42.7,DAP
20.6,76.2,45.4,Sandy,Millets,57.5,9.7,50.4,DAP
25.2,61.1,55.9,Sandy,Coffee,48.3,19.1,43.8,DAP
31.9,34.8,63.1,Red,Cotton,49.4,6.0,51.5,DAP
22.1,77.9,47.9,Red,Coffee,36.6,19.6,50.4,DAP
34.8,67.7,50.8,Sandy,Sugarcane,40.3,12.7,56.5,DAP
22.5,39.6,36.6,Black,Coffee,63.2,10.1,64.6,DAP
21.6,81.7,43.0,Loamy,Oil seeds,56.3,19.8,36.5,DAP
37.2,66.9,58.3,Sandy,Coffee,37.4,5.7,35.6,DAP
26.6,31.6,59.2,Red,Millets,35.3,16.4,61.8,DAP
28.7,57.7,39.5,Clayey,Ground Nuts,61.6,18.4,45.1,DAP
36.5,85.8,45.4,Clayey,Coffee,48.6,9.2,63.8,DAP
24.5,85.2,61.2,Clayey,Sugarcane,56.3,13.8,59.6,DAP
27.0,72.3,37.9,Black,Oil seeds,36.9,6.1,38.5,DAP
27.4,71.3,39.6,Loamy,Paddy,42.8,10.2,58.8,DAP
36.8,69.4,48.5,Clayey,Sugarcane,53.3,19.1,58.6,DAP
27.0,70.2,56.7,Black,Sugarcane,64.9,9.3,51.1,DAP
26.1,39.8,68.9,Sandy,Wheat,60.6,12.5,53.1,DAP
28.9,70.3,45.8,Sandy,Tobacco,64.7,14.2,46.1,DAP
18.3,82.0,21.4,Black,Cotton,42.2,5.5,45.1,DAP
33.9,49.6,55.3,Black,Barley,40.6,16.3,42.1,DAP
21.7,40.6,45.6,Black,Ground Nuts,60.3,6.2,56.2,DAP
35.5,44.2,42.5,Black,Wheat,62.8,14.9,46.7,DAP
23.2,63.7,55.9,Red,Barley,38.7,14.0,51.5,DAP
34.7,48.7,64.5,Red,Tobacco,39.8,7.6,43.0,DAP
20.1,77.7,26.9,Red,Barley,57.4,5.7,63.5,DAP
18.1,74.3,45.7,Red,Sugarcane,58.4,12.8,54.2,DAP
26.1,30.2,62.5,Sandy,Tobacco,46.4,12.4,35.2,DAP
37.7,46.1,39.8,Loamy,Barley,55.6,17.2,47.5,DAP
20.7,85.3,23.6,Black,Cotton,41.0,10.2,53.6,DAP
19.8,71.5,33.6,Loamy,Tobacco,57.8,15.8,35.2,DAP
20.8,80.2,63.6,Clayey,Cotton,47.6,11.7,44.1,DAP
28.1,75.1,62.9,Black,Millets,60.3,10.4,55.6,DAP
30.7,87.6,58.9,Sandy,Cotton,41.8,7.6,61.0,DAP
35.2,77.3,69.2,Black,Wheat,62.3,17.8,36.6,DAP
29.4,60.8,42.9,Sandy,Paddy,46.9,11.5,52.1,DAP
23.2,60.1,56.1,Black,Cotton,40.2,13.2,56.4,DAP
18.5,56.1,34.8,Black,Millets,62.9,6.9,54.6,DAP
26.9,62.1,34.9,Loamy,Sugarcane,48.7,7.5,44.1,DAP
30.6,55.4,21.9,Loamy,Barley,50.0,16.5,43.0,DAP
18.7,67.1,24.1,Loamy,Paddy,48.1,9.4,51.4,DAP
31.8,76.1,28.2,Loamy,Ground Nuts,38.1,7.2,61.3,DAP
23.3,82.8,41.8,Clayey,Oil seeds,38.9,16.1,54.3,DAP
22.4,55.8,65.0,Loamy,Ground Nuts,39.0,10.8,59.6,DAP
28.1,63.2,66.6,Clayey,Pulses,60.7,7.6,48.1,DAP
23.6,84.0,21.2,Black,Millets,55.9,15.9,60.1,DAP
19.8,69.5,64.0,Loamy,Ground Nuts,50.4,13.1,42.7,DAP
33.0,64.1,30.6,Sandy,Oil seeds,37.9,6.0,52.8,DAP
35.2,56.9,59.2,Loamy,Paddy,63.4,9.1,46.9,DAP
24.8,83.0,69.1,Clayey,Maize,54.9,17.3,57.5,DAP
24.1,33.3,37.2,Loamy,Barley,55.0,6.5,35.4,DAP
32.3,86.4,69.2,Black,Tobacco,49.8,18.0,57.1,DAP
29.5,38.0,66.9,Loamy,Pulses,45.6,11.7,55.1,DAP
36.2,77.6,58.0,Clayey,Millets,36.5,17.7,48.1,DAP
19.8,73.9,49.1,Sandy,Oil seeds,40.6,7.8,40.5,DAP
20.5,60.5,25.5,Sandy,Millets,41.1,20.0,51.2,DAP
23.5,31.5,56.8,Sandy,Ground Nuts,53.8,13.7,57.3,DAP
22.1,50.4,26.3,Clayey,Pulses,38.9,15.1,60.8,DAP
30.6,40.7,25.3,Sandy,Wheat,59.4,13.7,53.5,DAP
32.1,78.4,22.8,Loamy,Pulses,57.4,17.8,43.6,DAP
24.3,85.6,21.7,Sandy,Maize,52.4,7.5,56.4,DAP
22.7,58.7,65.7,Black,Millets,41.4,7.2,57.8,DAP
36.2,38.5,52.3,Red,Tobacco,42.0,7.4,55.5,DAP
33.1,47.9,42.4,Black,Maize,47.2,19.8,43.8,DAP
19.1,78.3,42.9,Sandy,Pulses,42.8,18.2,40.9,DAP
30.3,42.9,47.3,Loamy,Oil seeds,55.5,7.9,50.6,DAP
19.4,77.5,36.8,Red,Millets,52.2,12.7,50.4,DAP
20.6,67.3,29.9,Clayey,Cotton,37.9,7.5,62.7,DAP
25.1,68.0,46.9,Clayey,Sugarcane,55.3,15.2,53.9,DAP
21.4,55.0,45.5,Clayey,Barley,39.2,11.4,45.3,DAP
18.1,57.1,54.3,Loamy,Tobacco,41.8,7.0,61.6,DAP
22.5,79.7,60.9,Loamy,Cotton,48.5,12.3,41.5,DAP
29.5,35.7,42.5,Red,Cotton,63.2,19.3,42.2,DAP
27.5,80.8,33.6,Sandy,Maize,35.1,7.4,45.5,DAP
30.5,38.5,61.2,Loamy,Tobacco,42.1,14.8,47.2,DAP
18.3,82.8,33.5,Loamy,Barley,59.6,20.0,41.3,DAP
31.3,86.0,65.8,Red,Wheat,50.1,16.9,39.1,DAP
19.2,72.6,46.1,Clayey,Oil seeds,41.4,16.7,41.1,DAP
24.8,86.9,51.5,Clayey,Oil seeds,47.5,7.5,64.6,DAP
19.4,33.3,26.0,Sandy,Sugarcane,52.4,18.9,49.9,DAP
19.3,65.4,69.2,Clayey,Pulses,45.8,16.3,50.0,DAP
27.5,77.3,41.6,Black,Cotton,58.9,13.9,61.6,DAP
30.1,66.5,40.9,Sandy,Tobacco,39.3,6.4,35.5,DAP
27.0,50.0,28.6,Clayey,Ground Nuts,53.7,18.2,63.8,DAP
32.3,68.5,37.2,Black,Tobacco,35.6,15.3,63.4,DAP
27.1,60.0,20.4,Loamy,Ground Nuts,47.7,15.8,48.3,DAP
22.7,77.2,49.4,Black,Maize,41.3,8.6,53.8,DAP
26.3,45.0,63.4,Clayey,Maize,55.1,11.7,49.6,DAP
30.5,50.8,69.8,Loamy,Paddy,49.4,12.3,52.0,DAP
34.0,56.2,55.9,Sandy,Barley,52.6,12.4,40.8,DAP
36.3,49.5,67.6,Clayey,Pulses,51.0,14.5,51.3,DAP
30.5,55.9,58.9,Loamy,Oil seeds,41.6,7.5,47.2,DAP
32.2,54.3,45.9,Clayey,Sugarcane,37.5,19.8,55.0,DAP
20.2,86.0,28.7,Sandy,Cotton,54.4,8.7,56.5,DAP
31.5,65.6,64.6,Clayey,Maize,37.4,10.0,42.4,DAP
32.7,69.7,30.6,Black,Barley,42.2,9.2,47.3,DAP
18.4,81.0,68.3,Loamy,Oil seeds,45.2,10.1,35.2,DAP
20.9,39.3,59.5,Black,Millets,53.5,5.7,53.7,DAP
25.4,74.6,60.5,Loamy,Sugarcane,47.0,19.2,47.2,DAP
19.6,69.0,54.5,Red,Tobacco,45.2,8.2,59.4,DAP
28.8,86.2,27.4,Loamy,Millets,63.2,7.7,52.0,DAP
37.3,45.9,40.0,Loamy,Millets,64.5,13.0,50.1,DAP
32.0,30.8,22.5,Sandy,Sugarcane,53.0,10.1,63.6,DAP
28.0,34.2,54.2,Clayey,Tobacco,50.1,16.5,49.6,DAP
31.0,40.0,63.6,Sandy,Cotton,53.4,7.4,63.9,DAP
29.7,45.4,21.6,Red,Paddy,38.6,14.3,63.0,DAP
32.7,80.3,46.0,Clayey,Millets,55.1,17.2,42.8,DAP
35.1,35.8,24.5,Clayey,Pulses,42.9,18.1,38.9,DAP
20.0,66.1,37.8,Loamy,Wheat,58.7,8.5,54.2,DAP
35.5,37.4,63.3,Sandy,Pulses,52.8,6.9,47.8,DAP
27.1,79.5,49.1,Loamy,Sugarcane,37.4,7.9,49.2,DAP
25.2,60.7,49.2,Black,Maize,58.9,10.1,59.2,DAP
29.1,64.1,66.7,Sandy,Wheat,56.8,18.8,62.3,DAP
24.7,36.2,31.9,Clayey,Sugarcane,63.5,9.6,40.1,DAP
18.7,48.7,47.2,Clayey,Maize,51.6,10.3,48.4,DAP
25.5,45.0,32.2,Loamy,Ground Nuts,48.7,16.4,41.2,DAP
18.4,54.3,58.8,Red,Paddy,45.2,13.5,41.1,DAP
34.4,69.6,29.2,Loamy,Pulses,59.6,11.4,40.7,DAP
23.4,60.1,31.7,Clayey,Pulses,38.7,6.9,52.5,DAP
24.4,32.0,26.4,Black,Oil seeds,62.4,12.4,48.6,DAP
31.4,33.0,25.7,Red,Barley,35.1,20.0,59.1,DAP
20.3,64.1,53.3,Red,Wheat,41.0,18.2,40.8,DAP
30.4,67.0,55.0,Red,Sugarcane,38.4,17.7,51.0,DAP
37.6,72.9,25.9,Red,Millets,57.7,6.4,35.8,DAP
37.9,40.1,53.6,Loamy,Cotton,40.2,15.9,50.2,DAP
22.1,73.2,69.8,Black,Wheat,55.0,12.4,62.7,DAP
25.4,44.8,44.4,Loamy,Wheat,47.2,19.8,36.7,DAP
19.1,66.3,22.7,Loamy,Sugarcane,60.1,12.7,50.8,DAP
21.4,41.5,35.9,Black,Coffee,52.8,8.2,38.5,DAP
22.8,30.9,38.0,Red,Coffee,37.7,8.9,37.8,DAP
36.7,70.1,27.8,Loamy,Millets,42.3,17.6,41.3,DAP
32.1,53.3,66.0,Red,Millets,54.5,6.4,63.4,DAP
24.7,53.3,22.6,Red,Ground Nuts,49.9,6.8,47.0,DAP
33.5,76.6,27.7,Black,Tobacco,46.0,10.6,39.5,DAP
32.1,41.0,38.3,Loamy,Wheat,38.2,14.4,38.6,DAP
33.6,52.6,48.9,Red,Pulses,62.3,13.3,40.2,DAP
34.9,67.4,52.5,Loamy,Pulses,61.0,18.4,62.6,DAP
32.6,59.0,40.8,Loamy,Pulses,40.1,7.8,35.3,DAP
27.3,40.1,36.9,Red,Oil seeds,35.5,11.0,51.5,DAP
31.5,87.5,64.1,Red,Paddy,49.2,12.8,40.7,DAP
36.1,32.9,63.2,Loamy,Ground Nuts,45.2,18.5,63.2,DAP
31.3,56.3,61.8,Loamy,Oil seeds,63.8,16.6,53.7,DAP
21.9,78.0,48.1,Sandy,Barley,57.9,15.7,41.2,DAP
26.6,86.1,42.6,Clayey,Maize,39.3,10.8,63.6,DAP
35.4,81.1,37.5,Clayey,Barley,37.5,15.9,44.3,DAP
18.4,66.6,28.2,Black,Millets,52.0,12.6,35.4,DAP
35.0,81.5,44.2,Loamy,Coffee,56.9,9.7,45.3,DAP
24.3,34.9,54.3,Sandy,Paddy,56.2,10.4,37.3,DAP
37.0,53.7,43.3,Loamy,Oil seeds,36.6,5.6,56.5,DAP
26.4,35.5,26.3,Red,Wheat,47.4,16.4,62.0,DAP
20.1,69.0,51.8,Red,Millets,59.2,17.4,61.0,DAP
32.0,45.6,70.0,Clayey,Ground Nuts,40.3,5.2,39.5,DAP
28.8,56.6,67.3,Loamy,Pulses,55.2,6.0,49.0,DAP
27.4,56.4,49.1,Sandy,Sugarcane,45.7,7.5,50.1,DAP
31.3,49.6,66.8,Red,Pulses,62.4,8.1,36.2,DAP
37.4,81.6,50.0,Clayey,Paddy,50.9,5.4,42.4,DAP
23.6,62.8,24.4,Black,Wheat,47.4,16.3,55.8,DAP
23.6,58.9,36.5,Loamy,Coffee,48.2,17.9,55.5,DAP
35.5,33.5,64.4,Black,Sugarcane,44.9,9.7,50.4,DAP
19.0,50.4,62.8,Sandy,Tobacco,46.9,8.0,47.7,DAP
32.7,76.2,33.5,Red,Oil seeds,61.6,7.1,45.1,DAP
37.0,74.5,33.4,Sandy,Paddy,52.7,15.8,63.2,DAP
19.5,65.8,53.3,Sandy,Coffee,46.4,19.3,61.2,DAP
18.6,64.5,47.0,Black,Tobacco,64.1,12.3,36.9,DAP
19.0,35.5,21.6,Red,Sugarcane,50.0,14.0,36.9,DAP
22.6,69.7,69.1,Clayey,Cotton,55.7,18.2,63.4,DAP
32.0,79.4,37.8,Black,Tobacco,42.8,19.2,56.8,DAP
31.0,86.2,55.7,Loamy,Ground Nuts,62.7,12.8,38.5,DAP
32.6,66.5,38.0,Red,Paddy,47.2,19.6,38.4,DAP
25.7,54.6,55.7,Loamy,Tobacco,53.1,9.5,47.3,DAP
37.3,37.6,38.6,Sandy,Maize,35.8,8.3,58.4,DAP
27.5,30.6,24.2,Sandy,Wheat,59.2,16.6,62.5,DAP
36.5,42.0,63.7,Black,Pulses,35.9,6.4,60.6,DAP
22.2,61.2,56.9,Clayey,Sugarcane,53.8,12.1,63.8,DAP
38.0,31.4,61.8,Clayey,Paddy,46.0,17.6,51.6,DAP
24.5,42.8,66.3,Black,Millets,61.0,12.5,36.8,DAP
30.5,86.3,47.9,Loamy,Cotton,45.1,12.8,64.4,DAP
28.1,38.4,42.1,Sandy,Maize,45.0,12.8,52.6,DAP
33.2,71.4,38.3,Red,Cotton,36.6,16.3,63.7,DAP
24.5,40.7,48.8,Clayey,Maize,39.6,10.3,55.9,DAP
25.7,54.4,48.1,Clayey,Barley,35.2,6.2,61.4,DAP
23.4,51.5,48.4,Clayey,Millets,61.5,19.1,57.2,DAP
31.4,53.8,43.5,Red,Pulses,36.5,7.9,58.7,DAP
35.1,73.4,33.6,Black,Cotton,38.5,8.8,62.6,DAP
28.7,64.6,38.3,Sandy,Millets,59.2,12.8,38.5,DAP
28.7,84.3,35.4,Black,Coffee,61.1,16.5,42.4,DAP
28.6,68.4,49.5,Sandy,Barley,47.7,8.0,44.2,DAP
27.7,61.4,60.9,Clayey,Barley,40.2,17.1,55.8,DAP
32.0,53.9,26.9,Loamy,Sugarcane,55.0,12.9,54.2,DAP
23.1,53.6,53.9,Sandy,Wheat,41.8,14.0,55.9,DAP
32.5,41.0,64.6,Black,Tobacco,47.9,8.0,48.1,DAP
26.6,64.0,46.1,Sandy,Millets,39.5,6.0,56.9,DAP
25.2,76.9,39.4,Sandy,Sugarcane,58.9,9.6,37.2,DAP
25.9,76.0,34.0,Red,Barley,54.4,18.1,36.2,DAP
35.2,66.8,32.7,Red,Wheat,51.7,12.9,54.7,DAP
35.3,47.9,54.7,Sandy,Ground Nuts,35.5,10.6,45.6,DAP
19.5,75.8,30.9,Black,Cotton,55.3,17.0,51.9,DAP
25.2,65.4,39.1,Loamy,Cotton,44.1,5.4,35.1,DAP
26.1,79.4,59.9,Black,Oil seeds,43.0,8.7,41.8,DAP
28.0,55.4,30.9,Clayey,Tobacco,38.9,5.2,39.6,DAP
35.7,81.6,57.3,Clayey,Maize,36.1,13.6,58.6,DAP
35.2,57.5,20.2,Clayey,Maize,35.3,11.2,39.7,DAP
32.2,40.3,64.4,Clayey,Tobacco,48.3,7.1,57.9,DAP
30.8,79.5,56.9,Sandy,Coffee,61.5,11.5,57.4,DAP
32.5,36.6,45.9,Black,Oil seeds,52.6,7.6,63.9,DAP
21.6,83.1,43.3,Black,Oil seeds,36.9,14.0,53.1,DAP
33.9,82.5,68.8,Clayey,Sugarcane,42.0,18.2,44.8,DAP
34.1,32.9,50.2,Clayey,Coffee,59.2,7.4,35.5,DAP
19.1,50.6,44.1,Loamy,Pulses,50.1,9.7,56.9,DAP
36.8,76.7,62.5,Loamy,Wheat,51.5,17.4,44.1,DAP
31.8,45.1,32.7,Sandy,Maize,64.9,7.8,39.4,DAP
30.6,51.2,46.8,Loamy,Ground Nuts,58.7,17.3,63.7,DAP
21.6,35.8,22.7,Clayey,Ground Nuts,55.0,17.1,50.3,DAP
28.7,84.3,49.9,Sandy,Tobacco,59.3,17.0,63.0,DAP
22.3,77.0,29.9,Loamy,Barley,41.4,15.1,47.2,DAP
24.5,84.2,38.2,Loamy,Paddy,46.7,6.6,55.1,DAP
29.7,64.3,56.0,Black,Tobacco,57.4,12.7,44.9,DAP
27.0,64.7,23.6,Loamy,Wheat,41.8,19.0,62.3,DAP
18.4,49.0,51.4,Clayey,Cotton,43.3,18.6,54.0,DAP
36.2,85.6,23.9,Loamy,Millets,51.0,9.6,46.8,DAP
29.6,85.6,45.2,Loamy,Sugarcane,37.5,14.3,45.2,DAP
27.6,40.5,44.3,Black,Oil seeds,56.1,5.4,35.3,DAP
28.7,79.6,20.2,Loamy,Wheat,63.1,6.6,60.3,DAP
31.2,59.6,43.9,Black,Sugarcane,60.0,16.3,49.5,DAP
18.1,48.6,41.1,Loamy,Millets,41.9,8.0,36.1,DAP
33.3,50.7,33.7,Black,Cotton,59.0,10.7,62.1,DAP
19.2,83.8,52.4,Red,Paddy,46.4,16.3,55.2,DAP
20.0,77.1,63.3,Red,Millets,40.2,17.8,61.3,DAP
25.6,46.3,56.1,Black,Oil seeds,60.9,14.8,50.3,DAP
19.1,55.9,22.5,Loamy,Cotton,52.1,10.7,57.7,DAP
29.9,61.2,20.2,Clayey,Pulses,37.2,9.4,61.5,DAP
37.5,75.9,32.1,Clayey,Ground Nuts,62.3,6.4,49.0,DAP
31.5,70.8,67.8,Red,Ground Nuts,50.9,11.0,63.6,DAP
20.5,78.9,38.1,Loamy,Coffee,54.8,12.1,41.0,DAP
23.9,39.7,39.0,Sandy,Barley,45.6,7.0,55.2,DAP
36.7,78.4,62.1,Red,Maize,44.1,11.4,49.1,DAP
34.0,50.2,54.7,Clayey,Tobacco,39.8,18.4,47.1,DAP
32.1,77.6,31.8,Loamy,Cotton,54.8,10.9,46.1,DAP
25.7,50.1,61.8,Black,Oil seeds,38.0,15.1,42.5,DAP
21.3,65.2,55.5,Sandy,Pulses,35.6,5.5,62.1,DAP
35.9,43.2,57.0,Black,Cotton,44.3,17.9,56.0,DAP
32.7,65.8,20.1,Clayey,Ground Nuts,35.3,17.1,42.8,DAP
35.3,83.2,69.8,Sandy,Coffee,39.6,17.9,43.0,DAP
28.1,31.0,66.6,Clayey,Oil seeds,37.3,15.3,58.6,DAP
27.7,80.9,46.4,Sandy,Maize,62.9,12.3,49.7,DAP
27.1,62.2,40.2,Loamy,Maize,48.8,5.2,43.5,DAP
27.0,49.6,39.4,Clayey,Millets,42.3,18.9,50.7,DAP
30.5,34.3,45.2,Red,Wheat,40.5,13.6,54.1,DAP
32.8,49.5,58.3,Sandy,Pulses,48.0,12.3,54.4,DAP
28.5,46.4,21.9,Clayey,Millets,64.8,12.2,57.7,DAP
18.9,48.0,36.0,Sandy,Maize,60.2,14.8,43.3,DAP
38.0,87.8,29.6,Red,Paddy,44.4,12.3,54.9,DAP
32.5,42.3,25.3,Loamy,Wheat,55.7,7.4,58.6,DAP
24.5,30.6,55.1,Red,Tobacco,38.4,16.6,49.8,DAP
19.6,74.4,23.5,Black,Pulses,49.4,7.6,57.6,DAP
29.1,60.6,58.2,Loamy,Pulses,35.2,18.8,40.9,DAP
36.9,37.7,58.7,Sandy,Pulses,42.9,19.0,56.6,DAP
30.4,74.7,25.2,Clayey,Paddy,63.9,18.4,43.1,DAP
24.4,72.4,34.4,Black,Ground Nuts,57.1,6.1,60.9,DAP
26.8,65.4,51.2,Clayey,Wheat,39.0,16.3,43.3,DAP
35.7,51.9,57.5,Clayey,Ground Nuts,37.9,12.1,64.8,DAP
26.0,48.8,69.1,Loamy,Coffee,39.0,9.7,49.6,DAP
29.9,52.0,45.1,Sandy,Cotton,53.2,13.4,49.6,DAP
35.7,45.3,31.2,Sandy,Wheat,49.0,9.0,57.0,DAP
28.4,36.5,66.7,Loamy,Wheat,40.5,8.8,47.2,DAP
36.9,82.3,63.6,Red,Pulses,37.1,17.8,58.4,DAP
20.1,35.9,20.6,Black,Ground Nuts,51.5,19.6,48.2,DAP
35.9,86.4,63.0,Red,Pulses,38.3,19.2,47.7,DAP
18.9,61.5,36.9,Sandy,Wheat,49.2,14.2,61.1,DAP
26.7,77.5,65.3,Loamy,Oil seeds,38.6,13.0,43.5,DAP
35.3,39.4,60.6,Black,Wheat,60.6,18.7,43.0,DAP
25.9,44.7,69.1,Black,Pulses,64.5,18.9,58.6,DAP
34.3,53.7,36.3,Black,Barley,57.3,6.2,36.5,DAP
24.4,85.9,52.1,Red,Pulses,35.7,11.5,61.3,DAP
33.3,87.6,53.0,Clayey,Coffee,36.5,6.6,61.4,DAP
28.1,61.6,34.2,Clayey,Oil seeds,63.5,17.6,56.7,DAP
27.9,39.3,68.9,Sandy,Maize,39.8,12.3,45.9,DAP
20.6,55.0,33.7,Loamy,Oil seeds,61.6,5.6,62.4,DAP
24.0,75.8,21.6,Black,Ground Nuts,64.0,12.9,44.1,DAP
31.4,86.4,50.3,Red,Barley,38.6,9.8,61.0,DAP
30.2,53.4,30.4,Red,Maize,59.4,16.1,54.8,DAP
29.5,42.5,63.1,Black,Coffee,63.3,12.8,45.6,DAP
36.4,41.3,68.0,Loamy,Wheat,39.3,12.6,59.9,DAP
23.4,56.4,43.5,Sandy,Ground Nuts,56.2,19.1,44.9,DAP
27.9,61.6,28.4,Sandy,Cotton,57.8,19.8,63.4,DAP
23.4,68.0,39.5,Loamy,Millets,40.8,16.0,39.6,DAP
21.8,82.3,53.7,Sandy,Ground Nuts,54.0,6.5,53.1,DAP
19.6,60.6,40.1,Sandy,Maize,52.7,6.3,47.9,DAP
29.6,65.9,34.1,Loamy,Wheat,61.8,5.4,45.5,DAP
32.8,77.1,26.4,Clayey,Coffee,35.6,15.3,44.0,DAP
29.4,53.5,38.2,Sandy,Coffee,41.5,15.0,64.1,DAP
19.8,55.2,37.8,Sandy,Maize,50.5,9.6,55.6,DAP
24.0,41.2,25.8,Black,Tobacco,53.5,11.7,40.6,DAP
21.0,62.1,46.4,Red,Paddy,57.0,5.8,61.6,DAP
27.2,41.2,30.5,Loamy,Maize,35.7,18.5,41.3,DAP
23.6,37.4,52.0,Clayey,Oil seeds,37.3,7.0,54.3,DAP
29.1,44.8,52.5,Black,Wheat,38.5,13.0,48.1,DAP
30.1,80.5,69.9,Black,Barley,53.2,11.1,41.8,DAP
34.9,65.4,22.0,Black,Maize,62.0,13.4,61.1,DAP
34.7,70.5,34.6,Red,Wheat,45.1,9.6,35.6,DAP
31.3,30.7,63.6,Sandy,Tobacco,48.4,10.1,39.1,DAP
27.9,53.4,53.9,Red,Cotton,47.6,19.4,53.0,DAP
20.2,53.0,36.8,Red,Wheat,52.1,17.9,37.4,DAP
35.3,85.3,40.2,Sandy,Paddy,50.2,19.6,43.3,DAP
36.9,54.1,36.3,Loamy,Pulses,53.2,19.0,60.1,DAP
37.2,74.6,44.4,Clayey,Wheat,45.1,13.2,57.5,DAP
24.5,71.8,52.9,Sandy,Cotton,63.8,19.0,58.7,DAP
23.5,79.1,41.4,Loamy,Maize,43.2,10.8,60.1,DAP
34.8,70.7,59.5,Black,Maize,45.5,11.1,46.8,DAP
19.2,64.3,69.5,Sandy,Maize,40.0,5.7,58.4,DAP
32.1,84.8,40.4,Red,Tobacco,54.9,12.0,53.9,DAP
21.8,59.5,46.4,Clayey,Oil seeds,59.3,16.0,54.9,DAP
25.9,49.8,61.6,Sandy,Wheat,43.2,16.0,37.8,DAP
30.4,71.0,34.9,Red,Tobacco,47.4,8.4,63.0,DAP
32.1,69.0,39.7,Black,Ground Nuts,35.0,6.8,51.0,DAP
22.4,77.8,50.4,Sandy,Millets,48.3,19.2,36.4,DAP
20.4,87.4,30.5,Loamy,Maize,35.4,20.0,43.4,DAP
33.7,48.1,65.7,Black,Sugarcane,60.2,17.7,58.1,DAP
30.1,47.2,64.4,Sandy,Wheat,60.2,12.1,36.2,DAP
32.9,86.3,41.9,Clayey,Coffee,60.8,13.5,39.7,DAP
28.3,67.7,64.5,Black,Maize,48.2,18.5,57.5,DAP
28.5,81.4,61.9,Red,Maize,61.5,18.8,38.1,DAP
29.1,81.9,68.7,Clayey,Wheat,36.4,10.3,41.4,DAP
20.4,58.0,54.3,Sandy,Wheat,58.4,5.3,61.7,DAP
33.0,73.7,55.8,Black,Millets,55.1,12.2,54.3,DAP
28.0,50.7,33.9,Clayey,Paddy,54.3,15.4,61.1,DAP
28.6,60.0,48.9,Clayey,Millets,57.5,19.5,37.2,DAP
28.6,65.7,44.1,Black,Cotton,37.8,16.5,57.4,DAP
24.1,78.6,23.6,Sandy,Coffee,61.4,8.8,52.8,DAP
27.2,79.0,64.9,Sandy,Oil seeds,42.9,15.7,38.0,DAP
25.1,32.9,21.6,Black,Wheat,51.6,16.4,51.1,DAP
24.5,55.4,34.0,Sandy,Paddy,52.5,5.8,39.3,DAP
26.5,87.2,47.7,Loamy,Sugarcane,62.9,5.1,57.4,DAP
20.8,35.6,41.2,Clayey,Sugarcane,63.0,13.1,50.8,DAP
18.0,77.0,24.4,Red,Ground Nuts,54.0,18.7,41.3,DAP
19.6,65.0,28.2,Red,Millets,57.1,9.5,48.9,DAP
21.4,73.0,35.1,Sandy,Sugarcane,54.9,7.4,55.6,DAP
28.4,62.8,53.5,Sandy,Coffee,63.8,14.0,51.8,DAP
36.7,80.3,69.1,Clayey,Wheat,50.8,16.8,60.2,DAP
28.1,71.1,32.4,Clayey,Wheat,44.7,10.0,35.8,DAP
34.1,82.0,45.9,Black,Paddy,48.7,5.5,61.4,DAP
23.9,53.2,62.6,Red,Millets,50.0,15.2,46.8,DAP
37.1,65.0,66.7,Clayey,Coffee,41.1,7.2,60.7,DAP
21.7,45.6,60.0,Sandy,Coffee,48.6,15.1,44.6,DAP
37.8,44.4,45.3,Clayey,Paddy,60.3,8.6,47.5,DAP
27.6,56.7,38.1,Black,Coffee,52.6,14.4,54.6,DAP
30.6,85.3,47.0,Black,Ground Nuts,56.5,13.4,60.6,DAP
21.7,55.3,39.6,Red,Cotton,47.2,6.9,59.4,DAP
22.1,82.5,61.9,Clayey,Maize,49.1,11.2,42.1,DAP
20.6,69.5,62.1,Clayey,Cotton,41.9,18.0,36.0,DAP
20.4,67.5,32.5,Clayey,Tobacco,60.1,12.7,39.1,DAP
22.6,37.9,29.8,Loamy,Wheat,36.7,8.0,35.3,DAP
24.3,86.4,29.7,Red,Oil seeds,45.4,10.4,35.3,DAP
36.8,81.7,46.8,Black,Wheat,51.3,14.8,46.6,DAP
18.9,33.1,42.9,Red,Oil seeds,51.5,18.3,38.1,DAP
36.9,57.9,48.6,Black,Ground Nuts,59.8,9.1,37.3,DAP
27.7,82.0,69.1,Clayey,Barley,47.0,11.2,47.2,DAP
33.6,74.0,43.9,Sandy,Cotton,36.3,9.6,43.8,DAP
31.4,72.5,41.6,Red,Ground Nuts,55.4,14.1,58.1,DAP
27.5,67.3,25.4,Loamy,Wheat,48.1,19.6,36.1,DAP
23.2,79.5,63.2,Black,Maize,58.2,7.5,59.7,DAP
29.9,49.6,33.1,Clayey,Wheat,38.7,12.6,52.6,DAP
36.0,39.5,39.1,Loamy,Barley,39.2,14.4,56.9,DAP
37.0,33.7,50.2,Black,Sugarcane,36.7,18.4,50.9,DAP
38.0,44.2,58.2,Loamy,Coffee,52.6,8.9,64.5,DAP
18.6,45.9,21.6,Clayey,Coffee,47.6,18.4,64.5,DAP
21.2,82.5,45.8,Black,Paddy,39.6,18.8,57.7,DAP
22.0,42.2,54.4,Loamy,Barley,41.6,11.6,58.5,DAP
24.0,68.3,26.8,Clayey,Cotton,55.6,18.7,53.3,DAP
37.2,66.4,33.0,Loamy,Oil seeds,43.8,15.6,57.1,DAP
24.9,87.5,25.1,Loamy,Pulses,47.1,5.9,59.6,DAP
31.5,33.3,53.6,Loamy,Millets,60.3,11.0,50.7,DAP
30.4,56.5,64.7,Loamy,Barley,49.9,17.6,59.0,DAP
22.6,53.6,61.3,Clayey,Oil seeds,41.8,12.9,59.2,DAP
25.6,76.0,63.7,Red,Sugarcane,60.5,16.7,43.1,DAP
37.5,86.8,33.4,Loamy,Ground Nuts,36.2,15.6,48.5,DAP
27.4,71.2,42.0,Clayey,Cotton,38.4,15.6,62.3,DAP
26.0,49.5,31.7,Clayey,Coffee,49.4,13.3,54.0,DAP
37.0,39.8,68.3,Red,Tobacco,35.4,12.2,45.0,DAP
29.4,55.3,40.7,Sandy,Tobacco,57.0,15.3,60.0,DAP
32.6,60.9,66.6,Loamy,Sugarcane,63.5,10.4,58.3,DAP
35.9,56.0,46.5,Loamy,Tobacco,47.5,17.8,41.9,DAP
29.7,86.6,46.6,Clayey,Tobacco,62.2,6.2,40.7,DAP
34.3,87.3,39.4,Sandy,Tobacco,36.4,17.0,53.1,DAP
27.9,73.1,58.5,Black,Oil seeds,50.0,9.6,64.2,DAP
24.6,72.9,35.6,Sandy,Barley,59.8,13.9,58.8,DAP
20.4,68.0,34.2,Clayey,Paddy,35.0,6.9,63.0,DAP
22.7,75.1,50.4,Clayey,Tobacco,64.1,10.6,55.4,DAP
25.9,85.9,46.9,Clayey,Ground Nuts,43.6,6.8,56.1,DAP
25.5,85.2,21.1,Black,Pulses,44.1,18.8,44.6,DAP
28.7,77.8,25.2,Sandy,Ground Nuts,63.3,16.9,40.4,DAP
25.7,53.3,59.2,Loamy,Sugarcane,63.9,6.9,47.6,DAP
25.5,51.1,22.6,Sandy,Maize,55.6,11.5,40.8,DAP
34.1,58.2,34.9,Red,Coffee,54.1,9.3,42.1,DAP
18.8,35.5,20.3,Black,Ground Nuts,39.6,6.0,64.9,DAP
28.5,41.9,36.7,Red,Maize,44.9,5.3,39.1,DAP
20.4,43.4,37.5,Loamy,Paddy,57.7,13.7,55.7,DAP
18.1,84.0,25.5,Black,Barley,47.2,16.6,48.1,DAP
24.1,39.1,28.7,Sandy,Oil seeds,57.8,5.2,51.7,DAP
20.1,69.9,68.9,Sandy,Tobacco,56.8,18.9,59.1,DAP
23.0,49.8,28.4,Loamy,Wheat,52.4,19.6,57.8,DAP
18.1,48.2,46.3,Black,Barley,44.7,6.7,48.3,DAP
36.2,35.9,22.5,Clayey,Ground Nuts,35.2,9.9,54.8,DAP
31.7,50.9,53.4,Loamy,Barley,36.2,10.9,58.7,DAP
32.3,41.8,32.4,Red,Coffee,64.9,6.6,40.4,DAP
33.9,35.0,29.2,Sandy,Millets,57.8,5.3,59.5,DAP
30.1,57.8,60.8,Loamy,Wheat,36.9,17.2,49.8,DAP
35.7,67.7,28.2,Clayey,Pulses,36.0,7.1,53.3,DAP
37.5,80.7,36.5,Loamy,Millets,52.6,17.7,48.2,DAP
19.5,59.6,68.5,Loamy,Pulses,55.8,6.1,40.7,DAP
34.8,65.8,52.2,Clayey,Coffee,35.9,17.4,58.6,DAP
22.3,32.3,30.1,Sandy,Barley,40.4,10.1,47.6,DAP
27.5,45.7,21.5,Black,Wheat,53.2,10.9,44.0,DAP
21.4,33.4,25.3,Sandy,Ground Nuts,40.5,10.1,51.3,DAP
34.5,37.3,65.2,Clayey,Paddy,60.9,12.0,57.3,DAP
26.6,75.6,43.1,Clayey,Paddy,63.2,12.3,48.9,DAP
34.4,62.2,29.0,Sandy,Pulses,49.0,19.5,57.6,DAP
27.4,67.5,61.5,Red,Millets,36.5,17.8,51.5,DAP
25.0,81.7,43.5,Red,Barley,50.8,20.0,60.3,DAP
30.5,70.8,52.5,Red,Barley,64.0,17.9,48.5,DAP
27.5,70.0,50.4,Black,Maize,51.1,12.0,43.8,DAP
28.0,39.3,37.0,Black,Ground Nuts,44.7,13.8,37.0,DAP
31.4,70.8,34.6,Sandy,Coffee,49.1,19.3,58.0,DAP
32.3,75.7,55.2,Black,Cotton,52.7,11.7,60.8,DAP
24.3,79.3,62.3,Clayey,Paddy,45.7,17.5,60.5,DAP
19.3,30.1,46.2,Clayey,Paddy,45.3,20.0,58.2,DAP
37.1,81.5,35.9,Black,Coffee,40.0,16.2,46.3,DAP
22.6,30.7,26.5,Red,Coffee,44.3,6.8,64.6,DAP
29.8,33.7,63.1,Sandy,Barley,63.8,8.7,48.5,DAP
26.3,45.7,30.3,Black,Tobacco,54.6,11.2,40.4,DAP
24.2,44.0,33.9,Sandy,Millets,61.9,14.5,56.9,DAP
36.2,72.9,29.9,Clayey,Oil seeds,60.3,8.1,57.3,DAP
23.4,76.6,69.8,Clayey,Millets,42.6,11.6,50.6,DAP
19.9,31.3,22.8,Black,Barley,36.6,18.6,56.6,DAP
31.0,67.9,67.8,Loamy,Barley,35.1,8.7,62.8,DAP
33.3,35.3,45.7,Red,Ground Nuts,41.9,7.7,59.3,DAP
36.8,80.3,34.4,Sandy,Millets,45.0,11.4,39.2,DAP
35.4,62.1,50.4,Sandy,Oil seeds,62.8,15.0,55.7,DAP
29.9,83.1,34.4,Clayey,Maize,40.6,14.8,56.4,DAP
24.4,44.6,67.8,Loamy,Wheat,62.7,11.9,60.4,DAP
26.5,39.1,41.3,Black,Coffee,51.1,5.3,48.3,DAP
31.6,66.8,65.5,Red,Paddy,35.5,13.4,58.6,DAP
24.5,37.9,64.4,Sandy,Pulses,49.1,18.2,52.6,DAP
34.1,68.2,39.9,Clayey,Barley,50.4,17.0,46.2,DAP
37.4,85.7,37.9,Red,Coffee,37.0,7.5,64.8,DAP
33.4,78.0,28.5,Loamy,Tobacco,61.9,14.8,61.5,DAP
28.8,83.3,65.0,Black,Ground Nuts,48.4,9.1,46.8,DAP
23.6,88.0,33.4,Red,Sugarcane,44.9,14.9,43.8,DAP
21.2,48.1,25.3,Red,Pulses,35.6,17.1,39.1,DAP
34.0,61.2,35.5,Loamy,Oil seeds,39.4,16.1,53.0,DAP
18.2,83.8,23.3,Clayey,Ground Nuts,46.0,11.0,35.0,DAP
35.2,39.0,42.6,Clayey,Pulses,47.2,15.3,42.5,DAP
35.5,54.3,65.6,Sandy,Pulses,64.8,6.6,42.0,DAP
20.0,30.9,28.1,Red,Pulses,64.9,7.7,50.1,DAP
18.4,65.1,33.9,Black,Sugarcane,60.9,9.3,55.6,DAP
35.9,61.5,68.9,Loamy,Barley,59.3,13.3,63.4,DAP
30.1,78.0,41.3,Black,Ground Nuts,43.3,9.0,51.1,DAP
26.8,35.3,55.9,Loamy,Millets,41.4,8.0,47.4,DAP
29.7,51.5,42.4,Red,Coffee,51.1,8.1,39.7,DAP
26.7,53.9,21.8,Clayey,Sugarcane,49.9,13.3,51.8,DAP
23.0,77.0,67.4,Clayey,Wheat,39.1,12.5,41.4,DAP
32.2,61.0,27.2,Loamy,Cotton,35.3,17.1,40.3,DAP
31.7,54.2,52.4,Sandy,Barley,44.3,14.1,50.7,DAP
33.8,30.7,34.7,Loamy,Millets,35.2,10.6,36.9,DAP
29.5,83.8,61.4,Red,Coffee,44.7,8.6,42.9,DAP
35.3,69.1,30.7,Clayey,Ground Nuts,54.1,12.6,56.5,DAP
35.8,79.0,46.3,Clayey,Cotton,55.7,18.3,49.9,DAP
33.1,42.8,39.4,Sandy,Millets,61.0,15.9,47.1,DAP
25.1,46.5,28.8,Red,Millets,57.3,8.8,48.6,DAP
27.6,56.0,26.0,Sandy,Wheat,47.8,9.3,39.8,DAP
18.6,65.8,58.0,Loamy,Cotton,49.4,19.0,56.2,DAP
21.9,75.1,61.6,Red,Paddy,45.8,8.2,46.6,DAP
27.8,31.1,53.6,Sandy,Barley,50.7,18.5,39.9,DAP
18.5,45.1,46.9,Clayey,Maize,62.2,17.7,49.7,DAP
32.1,49.7,25.6,Red,Wheat,43.4,16.6,45.5,DAP
24.2,68.2,48.3,Red,Tobacco,49.2,12.4,57.0,DAP
31.4,82.0,22.9,Clayey,Cotton,39.2,15.7,48.1,DAP
28.1,37.3,43.8,Loamy,Tobacco,57.9,8.9,49.4,DAP
31.7,78.8,40.7,Loamy,Barley,58.0,5.6,38.7,DAP
26.0,79.1,37.3,Clayey,Wheat,54.6,15.6,52.6,DAP
29.5,49.9,24.2,Red,Wheat,64.8,6.9,37.2,DAP
25.7,61.0,62.1,Loamy,Ground Nuts,52.5,5.9,54.7,DAP
24.2,47.0,59.9,Loamy,Wheat,58.5,10.3,44.0,DAP
19.7,37.3,29.3,Red,Oil seeds,50.4,19.9,54.6,DAP
28.5,58.8,27.2,Loamy,Paddy,62.6,11.6,64.8,DAP
30.2,36.1,42.7,Clayey,Cotton,42.2,17.5,58.5,DAP
31.9,54.2,48.3,Red,Ground Nuts,54.5,10.3,62.5,DAP
31.4,30.3,66.2,Clayey,Coffee,38.4,6.4,45.0,DAP
36.7,84.4,65.7,Clayey,Maize,51.4,10.3,35.2,DAP
24.2,35.8,33.6,Red,Oil seeds,60.0,19.7,49.8,DAP
28.1,33.0,67.1,Red,Oil seeds,50.8,9.9,39.7,DAP
33.1,65.2,51.3,Black,Tobacco,54.1,14.4,51.6,DAP
32.6,75.1,63.6,Loamy,Sugarcane,41.5,6.3,49.5,DAP
26.9,63.1,46.4,Sandy,Coffee,36.1,14.2,59.8,DAP
18.1,64.4,62.4,Black,Maize,45.7,6.6,47.6,DAP
31.4,65.3,52.2,Loamy,Barley,37.6,18.4,46.7,DAP
27.2,52.6,63.2,Loamy,Coffee,62.9,9.6,60.9,DAP
29.1,46.1,39.9,Clayey,Coffee,40.1,16.4,58.2,DAP
18.5,62.6,30.7,Clayey,Tobacco,45.2,16.8,40.8,DAP
31.1,85.3,58.8,Black,Oil seeds,59.1,13.0,40.6,DAP
20.3,64.6,33.7,Black,Wheat,37.4,11.4,51.6,DAP
32.4,67.3,36.6,Red,Coffee,57.6,14.7,54.1,DAP
31.9,51.8,67.1,Black,Coffee,55.4,16.2,11.5,14-35-14
27.5,47.2,45.7,Black,Tobacco,39.1,21.7,9.5,14-35-14
18.8,44.5,54.5,Loamy,Paddy,56.3,15.8,15.4,14-35-14
21.2,36.9,58.0,Sandy,Tobacco,58.2,14.4,17.2,14-35-14
33.4,65.8,49.9,Sandy,Ground Nuts,42.3,17.6,19.1,14-35-14
28.7,35.9,63.6,Red,Wheat,47.7,19.3,13.2,14-35-14
25.0,71.2,38.2,Clayey,Wheat,55.8,14.4,18.1,14-35-14
32.7,42.3,27.3,Sandy,Barley,42.9,21.7,11.6,14-35-14
18.6,53.0,48.6,Red,Oil seeds,58.8,15.2,19.5,14-35-14
34.8,87.8,34.6,Black,Sugarcane,43.9,21.2,18.0,14-35-14
36.9,77.1,57.1,Black,Wheat,53.4,10.5,19.5,14-35-14
18.6,37.6,64.3,Clayey,Coffee,53.8,13.9,15.2,14-35-14
33.3,71.9,30.2,Loamy,Coffee,43.4,14.6,12.6,14-35-14
32.7,66.3,62.7,Sandy,Pulses,55.1,8.6,13.3,14-35-14
20.0,64.9,63.7,Red,Sugarcane,38.0,14.3,20.8,14-35-14
29.5,75.9,36.2,Red,Sugarcane,52.9,9.9,12.1,14-35-14
26.7,58.6,33.3,Sandy,Maize,52.6,19.2,11.3,14-35-14
27.5,65.0,69.3,Sandy,Ground Nuts,58.4,20.1,20.4,14-35-14
35.9,52.8,68.1,Sandy,Wheat,45.4,16.4,17.9,14-35-14
22.9,73.3,46.0,Red,Maize,41.7,18.9,15.7,14-35-14
24.5,57.9,50.9,Loamy,Wheat,45.1,10.8,21.5,14-35-14
32.7,53.8,37.8,Loamy,Paddy,45.2,13.7,15.6,14-35-14
27.9,37.8,44.8,Sandy,Pulses,39.2,9.8,21.1,14-35-14
31.2,53.3,65.4,Clayey,Oil seeds,50.9,18.8,13.2,14-35-14
34.4,79.5,28.6,Red,Cotton,41.8,12.0,11.8,14-35-14
18.6,34.4,33.7,Clayey,Millets,40.0,11.2,19.2,14-35-14
26.6,53.7,25.7,Clayey,Cotton,51.9,17.8,18.1,14-35-14
24.2,87.1,61.6,Black,Paddy,46.7,15.8,19.8,14-35-14
19.9,72.8,68.0,Sandy,Barley,52.0,16.0,21.2,14-35-14
27.5,84.1,23.8,Red,Millets,47.5,17.6,19.1,14-35-14
36.2,84.6,23.2,Red,Barley,45.1,8.3,12.6,14-35-14
22.9,75.8,51.7,Black,Cotton,48.3,13.5,12.1,14-35-14
27.0,59.1,46.0,Red,Barley,46.2,11.6,9.7,14-35-14
33.1,43.0,22.8,Black,Cotton,54.9,10.2,16.8,14-35-14
31.8,49.4,54.8,Red,Ground Nuts,52.5,17.9,14.9,14-35-14
21.8,45.6,46.7,Loamy,Coffee,55.8,13.6,18.0,14-35-14
33.1,50.7,69.5,Red,Cotton,41.6,11.6,18.8,14-35-14
24.6,40.4,58.3,Black,Cotton,54.7,15.9,21.4,14-35-14
24.2,60.3,53.2,Loamy,Sugarcane,44.5,18.1,12.7,14-35-14
23.6,87.8,64.7,Red,Millets,47.8,19.6,19.4,14-35-14
32.6,65.4,61.0,Loamy,Oil seeds,45.1,11.1,15.2,14-35-14
29.3,85.0,65.1,Loamy,Maize,56.9,19.2,21.2,14-35-14
23.3,58.7,62.3,Red,Maize,47.6,18.5,9.9,14-35-14
32.6,39.6,37.6,Loamy,Sugarcane,41.6,12.9,17.9,14-35-14
29.1,35.8,60.3,Sandy,Pulses,44.2,17.1,18.2,14-35-14
35.7,65.7,41.4,Loamy,Ground Nuts,39.6,21.2,18.6,14-35-14
34.2,70.3,58.3,Loamy,Barley,46.0,18.0,13.4,14-35-14
37.5,48.0,43.0,Clayey,Coffee,51.9,15.6,19.8,14-35-14
23.0,65.0,64.0,Black,Pulses,43.1,13.5,13.7,14-35-14
22.6,77.7,34.8,Black,Pulses,52.6,15.2,16.2,14-35-14
21.8,36.6,47.3,Loamy,Maize,52.7,8.7,9.0,14-35-14
34.1,75.9,49.1,Loamy,Sugarcane,54.5,10.7,8.7,14-35-14
19.5,44.3,54.8,Clayey,Coffee,45.2,20.3,12.2,14-35-14
24.0,63.5,38.8,Sandy,Cotton,48.4,20.3,20.8,14-35-14
24.8,34.1,49.0,Black,Pulses,53.0,9.3,16.9,14-35-14
28.8,37.5,46.3,Sandy,Ground Nuts,44.9,10.5,19.8,14-35-14
18.3,35.6,34.9,Sandy,Pulses,36.4,16.4,9.2,14-35-14
33.1,36.4,43.4,Sandy,Tobacco,36.8,16.4,11.7,14-35-14
36.5,61.8,49.1,Clayey,Wheat,45.0,21.3,18.9,14-35-14
34.9,55.1,61.4,Black,Paddy,55.6,10.6,17.8,14-35-14
23.9,47.2,56.3,Black,Barley,40.7,8.0,18.0,14-35-14
37.4,30.8,50.1,Loamy,Wheat,49.1,9.9,10.1,14-35-14
35.8,46.4,41.9,Sandy,Tobacco,43.9,9.0,17.4,14-35-14
31.3,49.8,54.2,Clayey,Ground Nuts,35.5,18.3,14.8,14-35-14
37.1,83.7,65.5,Red,Maize,47.8,13.0,14.5,14-35-14
24.3,64.4,52.3,Sandy,Wheat,44.9,9.1,13.2,14-35-14
23.8,65.6,60.2,Loamy,Cotton,57.5,16.7,8.1,14-35-14
25.3,59.1,22.2,Red,Paddy,43.7,10.5,17.1,14-35-14
27.9,54.8,67.8,Clayey,Maize,40.4,15.2,18.3,14-35-14
25.6,56.9,24.4,Red,Maize,50.2,12.0,10.2,14-35-14
32.0,66.2,29.5,Black,Sugarcane,46.7,18.1,15.4,14-35-14
27.8,86.0,61.6,Red,Pulses,42.1,13.1,14.5,14-35-14
21.4,50.7,56.5,Red,Coffee,59.1,10.2,11.2,14-35-14
26.8,66.8,58.7,Black,Maize,35.8,16.3,10.6,14-35-14
21.2,32.6,39.7,Red,Coffee,45.4,14.3,19.6,14-35-14
36.9,72.5,51.9,Black,Maize,51.1,19.6,9.5,14-35-14
33.7,81.1,61.9,Loamy,Paddy,49.6,11.5,17.3,14-35-14
18.2,55.5,62.2,Black,Coffee,47.2,12.4,20.2,14-35-14
19.0,52.0,36.9,Loamy,Maize,52.9,18.4,8.7,14-35-14
26.1,49.6,20.7,Loamy,Paddy,38.8,13.9,9.0,14-35-14
27.1,74.5,53.0,Black,Barley,46.1,11.1,18.2,14-35-14
25.5,58.9,37.2,Clayey,Wheat,41.0,13.6,8.3,14-35-14
18.9,67.9,58.7,Clayey,Barley,55.3,14.9,10.9,14-35-14
32.0,44.3,65.2,Loamy,Millets,37.6,21.8,20.0,14-35-14
36.4,54.5,33.9,Loamy,Oil seeds,46.8,20.8,13.4,14-35-14
29.9,80.6,22.4,Black,Cotton,44.6,10.2,17.7,14-35-14
36.3,46.0,60.0,Loamy,Ground Nuts,58.0,16.4,19.2,14-35-14
21.9,68.7,24.7,Black,Millets,47.7,10.3,13.8,14-35-14
37.7,48.4,46.6,Black,Maize,47.8,21.4,14.7,14-35-14
29.3,84.8,29.8,Clayey,Millets,51.0,19.4,15.8,14-35-14
23.3,32.3,35.3,Loamy,Tobacco,53.6,8.7,11.1,14-35-14
33.7,56.4,54.9,Red,Barley,44.7,10.2,13.6,14-35-14
19.4,59.4,36.4,Loamy,Coffee,47.7,8.3,12.4,14-35-14
29.1,56.1,34.3,Red,Coffee,42.5,13.4,19.7,14-35-14
26.8,52.8,62.3,Sandy,Cotton,45.7,15.7,11.2,14-35-14
28.6,76.9,59.0,Red,Cotton,40.4,18.0,19.2,14-35-14
37.3,84.6,63.3,Clayey,Barley,47.5,10.0,11.1,14-35-14
26.4,38.5,43.9,Sandy,Barley,35.4,18.3,9.0,14-35-14
33.9,37.7,45.9,Sandy,Ground Nuts,54.5,11.6,10.3,14-35-14
29.1,63.4,26.5,Red,Millets,46.4,11.8,19.8,14-35-14
26.6,72.1,45.5,Clayey,Barley,50.5,13.5,18.8,14-35-14
35.0,69.7,33.3,Red,Coffee,52.2,19.1,12.3,14-35-14
36.7,50.0,25.3,Clayey,Oil seeds,47.3,18.8,11.1,14-35-14
22.9,87.5,29.9,Red,Cotton,49.4,21.0,10.1,14-35-14
36.9,81.3,30.7,Red,Wheat,50.9,18.7,21.8,14-35-14
33.3,49.7,28.8,Black,Millets,45.5,19.1,14.5,14-35-14
26.2,36.2,65.3,Red,Paddy,36.0,14.0,8.7,14-35-14
31.2,67.5,21.7,Loamy,Tobacco,35.0,9.1,18.7,14-35-14
28.3,63.2,66.3,Loamy,Oil seeds,51.1,13.8,21.0,14-35-14
20.6,69.2,48.0,Sandy,Millets,54.7,18.3,16.8,14-35-14
28.7,36.6,61.4,Red,Sugarcane,41.3,18.9,21.4,14-35-14
27.2,51.1,37.7,Red,Oil seeds,50.9,18.5,17.5,14-35-14
35.6,63.3,39.9,Black,Tobacco,44.1,8.2,11.5,14-35-14
30.1,83.2,22.5,Red,Maize,38.9,19.0,13.0,14-35-14
26.2,77.8,54.0,Black,Pulses,54.7,19.4,9.2,14-35-14
28.1,67.5,68.6,Black,Oil seeds,36.4,16.0,20.1,14-35-14
29.2,49.3,27.7,Clayey,Sugarcane,56.2,15.3,21.1,14-35-14
31.9,30.3,41.4,Red,Pulses,39.9,20.8,10.4,14-35-14
28.3,45.3,30.5,Red,Pulses,50.0,9.2,8.8,14-35-14
32.4,62.2,41.1,Loamy,Ground Nuts,49.1,13.1,21.1,14-35-14
23.6,40.5,47.6,Black,Pulses,40.4,10.8,21.9,14-35-14
33.0,76.1,68.4,Black,Coffee,49.3,11.1,20.1,14-35-14
26.3,57.5,40.6,Clayey,Tobacco,58.2,12.8,21.5,14-35-14
30.6,63.6,38.5,Sandy,Barley,35.5,9.8,18.6,14-35-14
36.8,37.1,30.6,Sandy,Pulses,35.7,14.1,11.9,14-35-14
30.1,65.6,46.6,Clayey,Maize,37.3,14.2,22.0,14-35-14
34.5,36.0,31.4,Sandy,Tobacco,35.1,12.2,9.5,14-35-14
34.5,69.3,29.9,Sandy,Wheat,37.0,19.7,9.1,14-35-14
24.6,45.6,45.6,Red,Millets,46.0,15.2,17.4,14-35-14
33.9,55.7,35.9,Loamy,Tobacco,53.1,19.2,19.1,14-35-14
29.4,58.1,47.5,Black,Sugarcane,47.3,15.9,18.0,14-35-14
24.7,62.9,61.6,Loamy,Paddy,58.3,18.5,19.8,14-35-14
25.8,52.8,50.8,Loamy,Cotton,38.1,16.1,17.3,14-35-14
30.2,42.8,44.0,Sandy,Cotton,51.9,12.5,9.1,14-35-14
27.4,77.5,26.2,Black,Maize,56.4,20.6,21.3,14-35-14
31.7,73.1,29.0,Clayey,Millets,57.9,18.5,21.1,14-35-14
30.9,74.3,58.0,Sandy,Barley,57.2,18.2,21.0,14-35-14
28.1,30.8,20.3,Black,Sugarcane,41.0,9.4,11.6,14-35-14
18.6,82.7,20.4,Loamy,Ground Nuts,53.4,10.1,20.8,14-35-14
22.0,45.7,45.2,Red,Ground Nuts,59.4,16.6,21.1,14-35-14
22.2,48.0,58.5,Loamy,Coffee,56.7,15.3,21.9,14-35-14
24.0,66.1,43.5,Sandy,Cotton,37.9,13.1,8.4,14-35-14
35.9,81.3,55.0,Black,Tobacco,46.6,15.2,9.9,14-35-14
28.5,48.4,32.9,Loamy,Barley,35.9,16.2,11.2,14-35-14
35.5,73.1,65.0,Clayey,Barley,55.5,21.9,10.7,14-35-14
20.6,60.3,51.7,Red,Barley,49.5,11.6,20.7,14-35-14
31.1,58.8,21.6,Sandy,Coffee,50.3,18.0,13.8,14-35-14
31.0,48.1,37.4,Black,Maize,47.2,21.7,21.5,14-35-14
24.1,45.6,46.6,Loamy,Maize,50.2,14.8,13.7,14-35-14
24.8,61.4,53.8,Red,Barley,50.8,14.5,15.8,14-35-14
19.9,40.0,25.1,Black,Oil seeds,50.3,9.3,18.6,14-35-14
23.0,81.7,55.9,Black,Sugarcane,36.8,19.5,14.9,14-35-14
26.7,41.6,25.4,Sandy,Coffee,46.0,9.7,14.8,14-35-14
31.0,62.9,47.7,Sandy,Millets,35.8,14.6,20.9,14-35-14
33.6,75.5,46.0,Red,Tobacco,56.4,13.5,20.4,14-35-14
27.9,58.4,46.9,Clayey,Barley,41.4,13.1,14.1,14-35-14
27.1,77.0,61.4,Sandy,Oil seeds,45.3,15.3,8.5,14-35-14
26.1,55.8,63.7,Sandy,Tobacco,46.5,8.3,11.2,14-35-14
26.5,79.9,47.1,Clayey,Barley,52.2,14.6,14.2,14-35-14
26.2,61.2,32.5,Loamy,Cotton,57.3,12.7,10.1,14-35-14
20.7,66.6,35.1,Red,Oil seeds,35.5,20.4,11.2,14-35-14
32.3,74.2,30.1,Black,Tobacco,40.9,15.3,10.4,14-35-14
24.4,39.3,30.3,Red,Cotton,54.7,10.3,8.4,14-35-14
37.5,49.2,25.9,Clayey,Tobacco,49.3,20.7,19.0,14-35-14
21.3,70.9,34.6,Clayey,Paddy,42.1,11.3,20.3,14-35-14
32.1,75.8,29.7,Clayey,Sugarcane,41.5,15.2,12.6,14-35-14
27.0,86.2,24.2,Black,Ground Nuts,43.7,13.9,8.2,14-35-14
22.3,57.6,35.9,Red,Pulses,41.7,21.5,10.2,14-35-14
37.7,31.2,55.0,Clayey,Ground Nuts,41.3,8.6,13.6,14-35-14
18.2,64.1,45.1,Red,Oil seeds,56.8,9.2,17.5,14-35-14
36.5,35.1,67.7,Sandy,Maize,58.0,8.8,13.0,14-35-14
26.6,86.8,24.4,Red,Ground Nuts,58.1,14.7,16.7,14-35-14
25.2,55.0,40.5,Loamy,Paddy,44.4,21.0,19.6,14-35-14
20.2,54.8,24.9,Clayey,Maize,50.5,10.0,15.3,14-35-14
25.1,77.6,59.1,Black,Coffee,48.6,10.2,11.5,14-35-14
23.6,51.3,23.9,Black,Millets,52.8,8.1,8.7,14-35-14
26.3,47.3,65.6,Clayey,Pulses,39.8,13.5,21.2,14-35-14
22.5,70.9,29.5,Loamy,Millets,48.8,11.5,21.4,14-35-14
22.0,44.1,40.7,Sandy,Barley,40.8,14.9,20.2,14-35-14
25.1,49.3,21.9,Red,Pulses,38.7,20.8,22.0,14-35-14
23.7,53.3,57.0,Red,Tobacco,59.2,14.4,19.6,14-35-14
35.5,43.2,20.4,Sandy,Sugarcane,47.3,15.4,10.8,14-35-14
33.3,57.3,35.9,Red,Ground Nuts,50.6,17.1,18.8,14-35-14
35.6,81.5,67.9,Red,Wheat,56.7,8.0,13.3,14-35-14
25.3,64.9,50.3,Sandy,Coffee,44.1,20.7,15.0,14-35-14
29.8,66.7,22.7,Red,Cotton,41.1,19.1,8.7,14-35-14
23.1,80.0,64.7,Black,Pulses,39.9,9.8,21.7,14-35-14
35.9,81.4,47.1,Red,Coffee,51.2,15.6,8.7,14-35-14
28.1,67.6,45.1,Loamy,Cotton,47.3,10.4,11.9,14-35-14
30.9,52.9,60.9,Black,Ground Nuts,49.2,8.6,10.5,14-35-14
33.7,43.8,34.4,Sandy,Wheat,58.4,19.6,17.8,14-35-14
26.4,62.4,29.4,Loamy,Wheat,46.2,16.4,12.6,14-35-14
24.9,73.3,62.3,Sandy,Barley,44.4,12.2,20.5,14-35-14
37.8,68.3,56.7,Sandy,Ground Nuts,44.7,14.1,10.0,14-35-14
33.2,79.5,68.6,Clayey,Pulses,41.7,18.0,13.5,14-35-14
18.0,64.8,34.2,Sandy,Oil seeds,57.0,12.6,12.1,14-35-14
25.4,31.2,46.2,Clayey,Barley,47.6,15.4,21.6,14-35-14
36.8,40.4,25.2,Black,Wheat,36.3,14.1,16.7,14-35-14
22.2,56.8,65.5,Sandy,Cotton,43.2,15.0,21.4,14-35-14
33.0,44.6,40.7,Sandy,Cotton,37.1,16.5,9.5,14-35-14
30.6,48.7,32.3,Loamy,Coffee,35.2,11.3,9.9,14-35-14
28.6,64.2,34.9,Black,Pulses,35.9,8.5,8.4,14-35-14
24.4,76.2,41.6,Sandy,Oil seeds,46.3,15.2,18.0,14-35-14
21.3,70.5,59.0,Sandy,Pulses,43.3,12.5,15.8,14-35-14
36.8,64.7,69.6,Red,Pulses,37.2,9.8,19.6,14-35-14
26.9,71.4,63.4,Black,Cotton,36.1,16.0,19.9,14-35-14
24.0,76.2,36.8,Loamy,Tobacco,35.1,21.4,16.3,14-35-14
34.5,33.9,28.5,Red,Barley,42.8,12.5,17.2,14-35-14
27.9,42.3,39.1,Clayey,Wheat,48.6,14.6,9.8,14-35-14
19.5,51.9,55.5,Black,Wheat,35.5,16.0,12.7,14-35-14
36.8,60.2,69.9,Black,Pulses,48.1,15.6,13.5,14-35-14
34.9,47.2,37.7,Loamy,Pulses,57.6,20.6,21.7,14-35-14
34.5,53.8,69.5,Red,Barley,46.8,15.8,15.4,14-35-14
19.5,81.9,60.1,Loamy,Coffee,38.5,18.9,16.8,14-35-14
23.1,79.9,55.0,Black,Pulses,48.7,16.5,9.3,14-35-14
21.9,42.1,53.1,Red,Millets,57.8,13.7,10.9,14-35-14
33.0,80.4,46.8,Clayey,Barley,53.8,10.0,12.9,14-35-14
28.2,83.9,63.7,Black,Coffee,38.4,10.4,13.0,14-35-14
29.5,31.4,39.8,Loamy,Millets,42.6,18.0,8.8,14-35-14
29.6,65.8,40.3,Red,Sugarcane,42.6,17.6,19.9,14-35-14
36.6,71.6,58.2,Sandy,Oil seeds,39.2,13.9,14.8,14-35-14
22.3,34.3,64.6,Sandy,Pulses,56.2,21.9,17.5,14-35-14
34.5,79.0,48.5,Loamy,Wheat,44.6,21.1,14.0,14-35-14
26.9,62.8,43.5,Loamy,Millets,36.2,20.3,14.2,14-35-14
20.8,30.2,32.3,Clayey,Ground Nuts,52.6,9.4,20.7,14-35-14
22.1,40.5,20.7,Black,Millets,54.3,20.3,16.6,14-35-14
37.1,44.3,56.6,Sandy,Oil seeds,46.0,12.2,14.4,14-35-14
24.2,87.5,21.9,Sandy,Sugarcane,38.2,11.1,19.4,14-35-14
19.4,31.9,57.2,Clayey,Paddy,38.3,9.9,8.3,14-35-14
23.3,33.8,38.4,Black,Maize,55.8,12.6,18.2,14-35-14
23.7,84.5,58.1,Loamy,Wheat,59.3,8.5,12.0,14-35-14
18.2,44.1,53.9,Red,Tobacco,40.8,15.1,20.4,14-35-14
25.9,51.6,42.8,Black,Millets,39.4,16.9,13.1,14-35-14
33.1,65.4,38.2,Clayey,Sugarcane,40.2,18.9,14.8,14-35-14
21.9,39.6,58.9,Black,Maize,40.7,15.4,14.3,14-35-14
35.5,80.3,42.6,Black,Barley,35.4,14.0,16.5,14-35-14
31.0,38.9,52.3,Loamy,Tobacco,39.6,18.5,12.7,14-35-14
36.7,86.7,57.0,Sandy,Millets,41.3,11.6,17.0,14-35-14
37.0,43.0,70.0,Clayey,Oil seeds,47.4,18.8,8.0,14-35-14
31.4,76.8,28.2,Black,Barley,46.1,14.9,12.4,14-35-14
24.4,50.9,53.5,Clayey,Cotton,50.8,11.3,20.6,14-35-14
28.2,55.1,38.8,Loamy,Barley,52.7,17.4,10.7,14-35-14
25.0,74.3,24.8,Loamy,Barley,43.8,19.7,8.9,14-35-14
31.2,33.7,28.3,Loamy,Wheat,42.5,15.6,18.9,14-35-14
25.1,44.9,32.7,Black,Pulses,58.7,16.9,10.2,14-35-14
32.4,68.7,26.7,Clayey,Millets,45.2,9.5,19.4,14-35-14
28.1,49.9,29.2,Loamy,Barley,37.7,21.6,10.8,14-35-14
23.1,59.4,68.3,Black,Paddy,49.4,20.5,17.1,14-35-14
35.1,57.3,63.4,Red,Millets,42.3,9.8,20.0,14-35-14
36.8,33.1,45.0,Loamy,Sugarcane,44.4,16.8,19.1,14-35-14
20.1,74.3,45.5,Clayey,Ground Nuts,48.9,13.8,14.4,14-35-14
31.5,55.1,60.8,Red,Oil seeds,39.9,10.9,17.0,14-35-14
32.5,88.0,69.5,Loamy,Pulses,53.6,18.4,11.5,14-35-14
26.1,85.8,24.1,Clayey,Coffee,45.9,15.8,13.7,14-35-14
29.9,73.8,52.2,Red,Millets,40.9,18.2,11.6,14-35-14
34.7,50.9,50.6,Clayey,Sugarcane,38.8,8.9,11.0,14-35-14
24.2,59.8,49.4,Black,Wheat,54.7,17.2,16.5,14-35-14
27.5,54.0,62.1,Clayey,Oil seeds,40.8,8.1,17.1,14-35-14
30.4,61.1,23.0,Sandy,Sugarcane,37.0,17.0,14.5,14-35-14
18.2,57.9,40.7,Loamy,Sugarcane,37.7,20.9,19.3,14-35-14
23.1,31.9,34.8,Black,Cotton,49.6,13.9,21.6,14-35-14
29.8,79.8,44.0,Loamy,Paddy,35.1,11.4,12.5,14-35-14
24.8,69.4,22.9,Loamy,Ground Nuts,58.2,11.1,22.0,14-35-14
28.9,40.9,21.6,Red,Coffee,58.6,21.0,10.3,14-35-14
35.1,48.3,46.2,Loamy,Sugarcane,47.1,13.0,20.5,14-35-14
29.5,68.1,29.7,Loamy,Sugarcane,44.8,21.3,11.5,14-35-14
27.0,84.4,56.8,Red,Pulses,46.4,16.0,17.7,14-35-14
35.6,50.7,35.0,Sandy,Paddy,40.3,8.5,8.6,14-35-14
31.6,68.3,50.7,Sandy,Oil seeds,56.2,14.7,20.2,14-35-14
23.1,62.7,46.7,Black,Paddy,38.4,16.3,12.4,14-35-14
30.8,80.9,53.8,Black,Pulses,43.9,15.2,17.5,14-35-14
23.1,80.7,66.2,Loamy,Oil seeds,51.8,21.0,13.6,14-35-14
18.8,82.6,44.2,Loamy,Wheat,46.5,15.9,10.1,14-35-14
34.6,30.9,33.6,Sandy,Maize,35.1,13.8,18.2,14-35-14
23.3,66.6,46.5,Clayey,Coffee,36.7,21.6,20.4,14-35-14
36.8,56.7,35.6,Clayey,Millets,47.3,18.8,10.4,14-35-14
33.0,61.3,63.3,Sandy,Sugarcane,38.3,16.3,14.3,14-35-14
23.1,51.6,25.4,Sandy,Wheat,41.3,11.8,18.1,14-35-14
22.4,34.7,35.0,Clayey,Sugarcane,40.6,15.7,13.0,14-35-14
37.3,55.7,59.8,Red,Cotton,35.3,15.7,18.4,14-35-14
19.2,39.0,42.1,Clayey,Ground Nuts,47.7,13.3,14.2,14-35-14
33.4,36.1,58.4,Clayey,Millets,52.2,18.4,18.3,14-35-14
37.2,64.1,20.6,Black,Cotton,36.5,21.9,9.0,14-35-14
24.4,53.8,51.7,Sandy,Barley,35.6,20.6,15.3,14-35-14
35.2,85.3,41.2,Black,Pulses,39.3,19.4,13.6,14-35-14
20.3,85.5,38.4,Clayey,Paddy,51.2,8.5,20.4,14-35-14
30.9,82.3,45.4,Clayey,Barley,45.3,20.1,18.4,14-35-14
29.3,39.4,35.5,Loamy,Barley,57.5,17.6,21.8,14-35-14
36.8,42.5,58.6,Loamy,Barley,35.5,17.4,14.6,14-35-14
35.2,79.5,21.1,Red,Cotton,50.2,13.1,13.8,14-35-14
33.1,32.8,68.0,Clayey,Ground Nuts,36.8,16.1,20.6,14-35-14
24.6,61.0,23.1,Black,Pulses,40.2,14.8,9.2,14-35-14
22.2,49.6,48.1,Sandy,Millets,49.8,13.2,11.9,14-35-14
18.6,72.0,65.3,Clayey,Oil seeds,54.9,16.2,17.4,14-35-14
23.7,67.1,50.4,Black,Pulses,38.8,10.9,16.7,14-35-14
23.3,78.4,36.4,Sandy,Coffee,47.2,21.2,11.2,14-35-14
30.1,73.8,65.1,Clayey,Paddy,57.9,18.9,11.2,14-35-14
20.8,71.2,53.1,Red,Barley,36.1,19.7,11.5,14-35-14
26.5,84.0,34.3,Sandy,Paddy,45.7,9.4,14.9,14-35-14
23.4,47.2,62.1,Red,Millets,35.3,16.9,13.5,14-35-14
31.2,78.4,47.9,Black,Maize,35.8,14.5,14.5,14-35-14
18.4,59.1,49.4,Loamy,Cotton,43.6,17.4,11.2,14-35-14
25.0,50.9,62.6,Black,Paddy,48.8,18.1,20.6,14-35-14
25.3,78.1,40.0,Clayey,Maize,35.9,19.5,15.6,14-35-14
23.0,64.4,30.4,Black,Wheat,43.1,16.9,20.3,14-35-14
33.3,68.5,32.3,Clayey,Pulses,56.7,14.1,8.6,14-35-14
33.3,34.0,27.4,Red,Cotton,52.4,20.5,16.9,14-35-14
36.9,49.9,42.0,Loamy,Pulses,52.7,16.2,12.5,14-35-14
35.1,44.7,35.3,Clayey,Ground Nuts,55.9,12.3,13.7,14-35-14
20.3,32.3,56.2,Loamy,Tobacco,51.1,12.0,12.1,14-35-14
37.8,57.5,60.1,Sandy,Millets,53.4,12.2,8.8,14-35-14
34.8,72.4,53.2,Black,Millets,38.3,17.0,18.8,14-35-14
18.3,69.7,21.0,Sandy,Sugarcane,52.7,16.9,10.1,14-35-14
34.7,38.1,64.3,Sandy,Barley,53.2,10.3,15.9,14-35-14
29.8,73.1,65.8,Loamy,Ground Nuts,56.3,15.1,18.1,14-35-14
27.9,36.7,41.9,Black,Tobacco,56.1,16.4,18.1,14-35-14
37.3,53.4,52.7,Loamy,Maize,35.5,9.8,18.9,14-35-14
25.2,31.0,29.6,Loamy,Wheat,53.8,21.1,9.2,14-35-14
20.8,42.7,48.9,Sandy,Paddy,36.6,14.1,9.9,14-35-14
21.8,81.2,55.4,Red,Maize,56.7,13.4,12.4,14-35-14
18.4,72.0,37.5,Loamy,Sugarcane,42.8,16.4,14.1,14-35-14
30.3,48.1,69.5,Loamy,Cotton,46.1,16.9,9.8,14-35-14
23.4,56.0,64.2,Loamy,Cotton,59.3,13.9,19.7,14-35-14
35.0,66.5,44.4,Black,Tobacco,57.2,19.8,12.2,14-35-14
20.0,77.7,53.8,Loamy,Tobacco,37.2,17.6,16.1,14-35-14
23.8,45.5,58.1,Black,Pulses,41.4,14.2,17.7,14-35-14
29.9,64.2,54.2,Clayey,Wheat,44.2,14.3,12.6,14-35-14
20.6,85.9,51.7,Sandy,Wheat,57.2,14.0,12.7,14-35-14
20.3,47.4,68.0,Clayey,Ground Nuts,50.8,15.8,17.9,14-35-14
18.4,80.0,28.7,Sandy,Millets,50.5,8.3,13.6,14-35-14
22.6,57.2,48.0,Red,Tobacco,38.6,15.8,12.5,14-35-14
31.4,31.9,26.7,Sandy,Coffee,52.2,11.0,20.0,14-35-14
22.3,87.9,41.7,Loamy,Tobacco,52.6,10.6,16.5,14-35-14
29.5,36.7,40.9,Red,Barley,41.6,9.0,15.6,14-35-14
31.5,44.5,48.7,Red,Cotton,58.6,18.1,17.7,14-35-14
34.0,37.9,37.4,Sandy,Sugarcane,59.1,14.9,9.6,14-35-14
38.0,48.8,45.7,Clayey,Maize,57.0,13.0,9.5,14-35-14
24.8,49.4,22.1,Sandy,Pulses,50.0,20.0,13.3,14-35-14
25.6,76.6,60.0,Red,Coffee,58.4,13.6,17.9,14-35-14
29.4,73.9,25.5,Loamy,Sugarcane,56.0,15.8,17.7,14-35-14
19.7,82.3,26.3,Red,Pulses,44.8,19.9,20.7,14-35-14
29.9,71.1,61.6,Loamy,Wheat,38.0,19.3,14.7,14-35-14
26.5,59.5,67.3,Sandy,Tobacco,48.7,21.3,10.5,14-35-14
31.6,65.2,48.2,Sandy,Tobacco,56.5,19.5,9.7,14-35-14
24.7,37.1,24.2,Clayey,Oil seeds,36.2,9.6,12.8,14-35-14
21.8,81.5,60.4,Sandy,Coffee,48.0,18.1,13.1,14-35-14
36.1,37.4,67.4,Red,Cotton,49.3,12.3,14.9,14-35-14
35.9,71.5,52.0,Loamy,Pulses,51.6,13.8,8.6,14-35-14
31.6,57.4,65.0,Red,Ground Nuts,43.4,12.1,20.2,14-35-14
28.3,37.6,30.8,Red,Ground Nuts,51.4,13.4,19.7,14-35-14
34.1,51.9,59.4,Black,Ground Nuts,43.8,10.3,8.5,14-35-14
36.1,43.9,30.3,Clayey,Cotton,59.2,8.4,19.0,14-35-14
29.0,45.9,23.3,Loamy,Wheat,36.2,9.6,9.0,14-35-14
24.9,54.3,66.4,Loamy,Maize,57.8,18.0,20.4,14-35-14
31.9,74.5,61.8,Sandy,Coffee,38.1,19.5,15.1,14-35-14
18.5,52.2,46.3,Black,Millets,52.0,12.0,11.5,14-35-14
33.2,54.9,22.7,Black,Sugarcane,39.2,14.4,19.4,14-35-14
28.8,81.7,65.7,Red,Coffee,40.4,8.6,12.3,14-35-14
37.0,34.5,21.4,Red,Tobacco,57.1,18.5,21.9,14-35-14
22.4,48.0,50.8,Loamy,Sugarcane,48.4,11.1,10.3,14-35-14
33.0,46.4,60.6,Loamy,Oil seeds,38.0,18.6,9.4,14-35-14
23.6,63.1,58.6,Red,Pulses,58.2,11.7,12.7,14-35-14
21.6,86.3,47.6,Black,Tobacco,46.7,21.8,15.8,14-35-14
29.9,34.0,32.8,Loamy,Coffee,39.9,8.2,15.5,14-35-14
22.1,53.4,23.8,Loamy,Ground Nuts,52.4,11.5,12.4,14-35-14
35.3,58.6,48.6,Loamy,Pulses,49.2,13.7,10.7,14-35-14
23.3,37.5,44.8,Black,Pulses,45.2,17.8,20.7,14-35-14
23.5,81.0,61.7,Black,Tobacco,58.2,14.4,18.8,14-35-14
24.2,87.7,21.9,Sandy,Maize,39.1,20.5,8.8,14-35-14
18.7,54.9,57.7,Sandy,Tobacco,49.6,21.1,20.1,14-35-14
28.3,34.3,60.8,Loamy,Oil seeds,56.7,17.0,14.3,14-35-14
32.1,81.8,67.8,Black,Maize,47.9,19.2,21.5,14-35-14
37.7,47.7,26.4,Loamy,Cotton,48.6,20.0,17.5,14-35-14
37.5,70.9,55.6,Clayey,Oil seeds,37.4,18.2,18.4,14-35-14
34.4,30.3,69.6,Red,Oil seeds,39.6,14.6,20.2,14-35-14
31.5,87.8,59.0,Black,Pulses,42.3,11.9,17.3,14-35-14
29.6,60.6,28.0,Clayey,Tobacco,52.9,17.8,21.5,14-35-14
22.8,59.9,48.5,Red,Tobacco,40.5,18.6,12.3,14-35-14
29.7,82.8,29.4,Red,Barley,55.1,9.8,11.4,14-35-14
27.2,87.9,62.0,Loamy,Sugarcane,53.5,20.2,16.9,14-35-14
20.0,65.7,41.7,Loamy,Oil seeds,45.7,15.4,13.1,14-35-14
18.6,86.3,66.2,Black,Tobacco,58.4,13.1,15.4,14-35-14
36.0,75.8,40.4,Clayey,Pulses,49.1,19.1,11.8,14-35-14
18.3,76.9,66.9,Sandy,Maize,54.7,9.8,9.1,14-35-14
32.0,71.5,42.7,Clayey,Sugarcane,46.9,14.6,8.5,14-35-14
34.1,54.7,51.7,Red,Ground Nuts,56.4,14.9,11.0,14-35-14
18.0,71.7,25.6,Clayey,Tobacco,41.1,12.2,15.8,14-35-14
31.5,33.2,26.2,Loamy,Ground Nuts,47.5,12.7,12.1,14-35-14
35.9,70.1,26.1,Black,Tobacco,36.6,21.6,17.5,14-35-14
32.0,73.9,59.0,Red,Pulses,46.9,14.0,8.2,14-35-14
32.4,81.3,50.8,Red,Paddy,38.3,9.6,8.7,14-35-14
34.8,77.7,31.5,Red,Wheat,37.5,21.7,12.1,14-35-14
24.5,79.7,49.7,Loamy,Maize,48.0,18.4,19.4,14-35-14
21.7,75.9,40.8,Clayey,Ground Nuts,37.3,14.8,9.3,14-35-14
23.2,73.6,38.5,Black,Maize,39.3,9.4,12.6,14-35-14
37.9,37.6,22.5,Clayey,Barley,52.4,19.7,19.8,14-35-14
37.1,59.6,65.7,Clayey,Pulses,59.2,19.9,12.3,14-35-14
29.0,56.3,63.9,Red,Ground Nuts,37.5,11.6,18.5,14-35-14
24.4,52.5,51.1,Sandy,Sugarcane,39.0,20.0,14.3,14-35-14
27.4,46.0,27.1,Clayey,Tobacco,35.1,15.5,9.5,14-35-14
37.4,72.0,40.6,Clayey,Coffee,35.5,8.5,17.6,14-35-14
37.6,30.3,63.7,Loamy,Barley,42.7,21.1,12.4,14-35-14
31.6,71.8,24.2,Red,Wheat,37.7,9.8,20.7,14-35-14
33.8,36.7,66.4,Red,Paddy,55.5,11.1,20.2,14-35-14
22.1,45.3,65.5,Sandy,Ground Nuts,57.9,12.6,17.9,14-35-14
26.8,33.5,57.5,Clayey,Coffee,49.1,14.3,12.3,14-35-14
33.1,61.5,63.8,Sandy,Millets,48.6,11.3,19.9,14-35-14
30.5,50.7,62.2,Loamy,Wheat,46.3,18.2,9.3,14-35-14
37.7,76.9,28.0,Red,Maize,41.9,12.6,17.1,14-35-14
33.0,59.6,60.5,Loamy,Tobacco,45.9,9.7,15.9,14-35-14
33.9,63.6,52.3,Loamy,Barley,58.3,14.0,12.6,14-35-14
35.3,48.7,43.2,Loamy,Millets,45.4,10.1,21.4,14-35-14
35.5,41.0,47.4,Black,Wheat,35.6,18.7,16.1,14-35-14
24.9,41.7,60.4,Sandy,Wheat,36.3,9.0,14.2,14-35-14
30.7,74.8,36.2,Clayey,Oil seeds,53.5,20.1,12.8,14-35-14
36.0,32.9,37.5,Black,Pulses,38.0,8.4,9.6,14-35-14
31.7,46.8,62.5,Loamy,Cotton,45.9,21.6,21.4,14-35-14
32.1,81.9,31.8,Red,Wheat,43.6,18.5,13.9,14-35-14
25.0,56.3,49.7,Black,Tobacco,59.3,12.6,20.9,14-35-14
29.6,42.0,59.8,Black,Paddy,50.8,12.4,11.3,14-35-14
34.7,43.3,21.8,Sandy,Ground Nuts,55.1,16.6,9.4,14-35-14
27.0,74.9,30.5,Loamy,Pulses,46.3,10.2,21.4,14-35-14
23.0,54.9,44.4,Sandy,Oil seeds,38.5,17.4,16.3,14-35-14
18.3,34.5,39.6,Sandy,Coffee,38.8,13.3,16.8,14-35-14
34.1,65.5,38.8,Black,Coffee,35.0,14.3,11.9,14-35-14
19.5,50.2,50.7,Loamy,Barley,55.9,10.6,13.9,14-35-14
27.7,36.1,33.9,Loamy,Wheat,57.3,15.7,13.8,14-35-14
32.3,70.8,50.7,Sandy,Cotton,47.8,14.1,16.3,14-35-14
36.8,64.2,35.6,Loamy,Barley,46.2,19.3,10.3,14-35-14
37.4,59.1,28.8,Clayey,Pulses,51.5,21.7,20.2,14-35-14
29.6,50.4,31.6,Clayey,Oil seeds,50.4,15.1,21.9,14-35-14
30.7,55.7,44.6,Black,Millets,52.1,9.4,12.6,14-35-14
21.9,58.1,59.2,Sandy,Barley,47.1,12.7,9.2,14-35-14
23.4,65.7,68.9,Sandy,Oil seeds,37.8,11.0,14.6,14-35-14
33.4,82.1,36.7,Red,Tobacco,59.8,9.4,8.7,14-35-14
19.8,36.6,21.7,Sandy,Oil seeds,37.6,10.9,21.6,14-35-14
33.6,75.0,46.8,Sandy,Cotton,54.9,16.3,12.4,14-35-14
24.0,87.4,51.6,Red,Wheat,41.1,14.1,18.4,14-35-14
19.4,39.8,59.6,Clayey,Coffee,51.2,16.0,10.3,14-35-14
37.2,32.4,23.9,Sandy,Paddy,57.1,19.4,16.7,14-35-14
37.8,42.4,40.9,Black,Sugarcane,42.3,18.7,18.7,14-35-14
25.6,81.5,40.2,Sandy,Barley,50.6,20.4,10.9,14-35-14
27.9,55.0,67.7,Loamy,Maize,40.1,12.4,12.3,14-35-14
36.2,45.9,45.3,Black,Barley,59.0,10.4,18.1,14-35-14
25.0,48.2,54.2,Loamy,Wheat,40.4,13.9,10.6,14-35-14
37.4,55.0,68.5,Clayey,Wheat,38.5,16.2,10.8,14-35-14
20.3,82.9,29.7,Red,Cotton,50.3,21.8,20.4,14-35-14
24.9,36.1,29.4,Red,Maize,47.5,19.1,10.1,14-35-14
24.5,49.8,53.1,Sandy,Millets,46.7,19.4,10.2,14-35-14
19.3,41.3,52.8,Red,Paddy,56.4,11.5,12.6,14-35-14
34.2,74.9,27.3,Red,Sugarcane,46.6,18.8,12.7,14-35-14
19.0,65.3,27.6,Red,Tobacco,55.8,13.0,11.9,14-35-14
35.0,85.2,48.4,Black,Paddy,39.1,21.1,20.2,14-35-14
31.9,66.2,20.7,Red,Cotton,53.7,9.3,11.6,14-35-14
27.0,30.9,61.2,Loamy,Millets,57.0,17.5,15.6,14-35-14
20.4,72.8,26.4,Black,Ground Nuts,44.5,16.2,18.3,14-35-14
28.8,60.9,51.9,Clayey,Sugarcane,42.6,15.6,10.7,14-35-14
29.5,69.8,26.0,Black,Cotton,38.1,15.9,11.8,14-35-14
21.6,30.1,62.7,Red,Sugarcane,52.9,17.7,15.7,14-35-14
21.0,57.0,54.0,Clayey,Paddy,55.8,14.4,16.3,14-35-14
31.0,40.9,23.2,Loamy,Ground Nuts,45.6,8.2,12.5,14-35-14
37.6,47.6,33.3,Red,Millets,38.2,15.2,10.2,14-35-14
29.5,77.9,22.1,Sandy,Pulses,45.5,14.5,19.1,14-35-14
24.0,38.7,31.3,Red,Sugarcane,46.7,13.9,12.0,14-35-14
33.9,67.3,59.1,Black,Paddy,45.8,16.3,12.9,14-35-14
30.1,70.9,54.0,Red,Coffee,42.3,12.6,17.5,14-35-14
22.3,51.7,33.6,Red,Maize,37.2,19.6,19.9,14-35-14
27.2,31.5,48.5,Loamy,Tobacco,47.7,19.8,16.1,14-35-14
28.3,70.6,24.7,Loamy,Cotton,50.5,20.8,12.2,14-35-14
34.4,59.7,55.9,Sandy,Paddy,42.8,12.3,17.3,14-35-14
36.7,43.0,43.4,Loamy,Barley,41.3,9.1,13.6,14-35-14
21.2,59.9,59.6,Black,Paddy,45.8,14.6,21.8,14-35-14
19.1,78.8,52.4,Red,Maize,45.1,8.2,16.3,14-35-14
24.6,85.4,36.7,Clayey,Wheat,49.1,13.7,13.5,14-35-14
28.7,79.3,22.5,Clayey,Paddy,57.2,17.3,16.6,14-35-14
23.1,35.9,50.3,Red,Barley,52.0,17.0,20.1,14-35-14
28.5,36.7,69.6,Red,Oil seeds,42.6,16.9,16.1,14-35-14
23.9,73.8,39.1,Clayey,Ground Nuts,45.3,17.4,19.0,14-35-14
23.7,82.2,26.5,Red,Pulses,51.5,15.7,14.9,14-35-14
25.4,35.7,48.6,Black,Oil seeds,37.4,10.2,9.2,14-35-14
36.1,34.2,51.7,Red,Tobacco,52.1,15.5,17.3,14-35-14
27.8,52.7,24.5,Clayey,Millets,50.6,14.9,11.9,14-35-14
23.5,57.6,43.5,Red,Maize,44.7,19.5,14.3,14-35-14
35.9,80.2,64.5,Sandy,Maize,41.8,8.5,11.7,14-35-14
36.2,67.7,24.1,Sandy,Coffee,38.4,10.2,16.8,14-35-14
35.2,84.6,30.1,Red,Barley,42.7,11.4,13.0,14-35-14
29.5,72.8,44.5,Sandy,Paddy,35.7,8.9,15.5,14-35-14
22.3,71.9,60.5,Red,Paddy,45.3,18.4,13.7,14-35-14
33.3,87.5,37.3,Loamy,Tobacco,45.3,10.3,10.9,14-35-14
21.6,46.5,42.8,Loamy,Coffee,42.3,11.3,18.3,14-35-14
22.9,53.3,55.9,Clayey,Pulses,56.9,14.1,15.5,14-35-14
34.7,74.0,36.1,Red,Barley,37.6,9.0,9.3,14-35-14
35.3,68.3,56.1,Sandy,Paddy,38.8,20.4,10.3,14-35-14
33.0,53.1,30.5,Clayey,Cotton,48.0,20.9,17.0,14-35-14
32.3,43.2,69.4,Black,Coffee,49.0,17.7,9.7,14-35-14
25.8,46.5,56.6,Clayey,Tobacco,37.7,18.5,8.6,14-35-14
35.5,40.5,59.9,Loamy,Cotton,46.4,12.6,10.2,14-35-14
36.3,75.2,22.8,Loamy,Pulses,48.1,9.2,19.7,14-35-14
21.4,31.2,21.6,Clayey,Oil seeds,47.7,18.3,9.7,14-35-14
24.5,42.6,39.6,Sandy,Coffee,49.0,17.6,21.5,14-35-14
29.4,72.6,67.5,Loamy,Coffee,37.1,8.1,8.4,14-35-14
21.7,81.9,32.4,Clayey,Maize,37.3,18.5,10.5,14-35-14
20.7,40.0,22.7,Sandy,Oil seeds,51.4,19.7,13.2,14-35-14
28.3,51.1,56.5,Loamy,Millets,42.5,15.6,14.1,14-35-14
37.5,45.0,35.5,Red,Millets,39.0,19.5,16.2,14-35-14
25.5,57.1,41.0,Black,Barley,39.5,20.9,18.7,14-35-14
31.6,82.0,26.8,Clayey,Millets,41.3,15.6,19.2,14-35-14
27.1,50.8,34.6,Black,Ground Nuts,39.4,19.1,21.4,14-35-14
33.0,46.0,39.1,Sandy,Cotton,44.4,11.4,14.0,14-35-14
33.3,39.2,49.6,Sandy,Paddy,57.4,9.5,14.6,14-35-14
30.2,35.8,39.8,Clayey,Millets,47.7,21.9,10.5,14-35-14
22.0,54.0,50.7,Red,Maize,40.3,12.1,20.0,14-35-14
21.0,76.0,50.0,Red,Pulses,37.5,21.3,9.1,14-35-14
29.1,42.4,54.4,Clayey,Coffee,59.0,14.4,15.3,14-35-14
27.1,38.7,42.5,Sandy,Cotton,42.0,21.2,20.4,14-35-14
28.3,43.1,40.5,Loamy,Coffee,56.9,15.4,12.7,14-35-14
31.1,79.4,66.6,Black,Ground Nuts,59.3,18.9,10.0,14-35-14
24.8,40.4,49.2,Red,Millets,51.6,18.0,20.3,14-35-14
19.5,85.6,41.8,Sandy,Maize,50.6,17.3,15.7,14-35-14
28.0,80.3,59.7,Loamy,Tobacco,59.1,9.0,11.8,14-35-14
37.1,75.5,53.0,Sandy,Sugarcane,47.9,10.3,21.7,14-35-14
20.1,58.6,63.7,Red,Ground Nuts,57.2,8.2,20.4,14-35-14
36.2,46.4,65.0,Loamy,Millets,54.8,16.1,17.4,14-35-14
29.5,47.0,40.1,Red,Oil seeds,54.1,11.4,19.7,14-35-14
19.1,59.4,63.5,Black,Ground Nuts,40.3,14.0,21.2,14-35-14
26.0,30.7,26.3,Red,Tobacco,43.1,15.9,20.3,14-35-14
19.5,46.6,38.3,Red,Sugarcane,50.5,8.9,15.4,14-35-14
31.5,31.1,57.8,Red,Oil seeds,41.6,12.3,15.4,14-35-14
19.7,55.8,62.5,Red,Millets,50.4,12.1,13.9,14-35-14
32.5,63.0,46.7,Loamy,Millets,46.3,21.7,8.7,14-35-14
31.0,37.9,49.5,Clayey,Sugarcane,49.2,21.6,20.4,14-35-14
20.3,80.4,26.5,Sandy,Maize,50.8,18.1,10.3,14-35-14
19.0,47.0,66.1,Clayey,Oil seeds,39.3,8.9,14.2,14-35-14
25.1,82.2,25.9,Sandy,Barley,42.8,18.9,15.6,14-35-14
25.7,84.5,54.6,Black,Maize,56.7,13.1,8.6,14-35-14
37.0,51.4,20.5,Loamy,Cotton,52.2,21.7,21.5,14-35-14
32.7,42.5,62.3,Loamy,Millets,45.4,8.5,12.5,14-35-14
28.8,54.0,68.9,Black,Wheat,49.6,20.1,21.3,14-35-14
22.8,55.1,32.8,Red,Sugarcane,57.1,9.6,17.5,14-35-14
27.5,47.4,36.2,Clayey,Maize,41.5,18.5,13.1,14-35-14
28.9,61.5,68.8,Loamy,Maize,44.2,10.9,20.8,14-35-14
29.2,86.9,45.9,Sandy,Oil seeds,58.2,13.7,22.0,14-35-14
29.7,45.9,21.6,Loamy,Cotton,55.5,11.9,19.2,14-35-14
32.1,86.5,31.7,Clayey,Tobacco,54.3,9.2,13.3,14-35-14
26.1,80.0,29.1,Clayey,Paddy,48.6,21.3,16.8,14-35-14
31.1,78.7,67.2,Loamy,Sugarcane,41.8,10.4,14.8,14-35-14
25.2,35.7,57.9,Clayey,Ground Nuts,49.9,11.8,11.5,14-35-14
20.1,82.6,69.9,Red,Ground Nuts,39.1,8.8,12.6,14-35-14
26.6,77.8,58.3,Black,Tobacco,44.4,15.9,19.7,14-35-14
37.4,40.1,31.2,Black,Cotton,48.1,9.3,14.1,14-35-14
24.6,61.5,67.9,Loamy,Tobacco,40.2,17.2,8.6,14-35-14
28.0,51.0,28.5,Loamy,Oil seeds,56.7,13.5,20.9,14-35-14
29.5,31.6,33.2,Clayey,Pulses,52.8,17.5,12.9,14-35-14
19.3,85.3,34.1,Black,Ground Nuts,44.6,9.3,9.6,14-35-14
30.2,71.5,58.1,Loamy,Pulses,41.6,8.6,8.0,14-35-14
19.2,40.4,26.2,Loamy,Barley,57.9,10.0,15.5,14-35-14
28.9,76.6,46.9,Black,Pulses,57.7,8.8,16.2,14-35-14
26.7,52.5,62.1,Loamy,Wheat,40.5,18.3,18.6,14-35-14
23.9,57.3,24.7,Black,Wheat,36.1,9.6,10.6,14-35-14
35.0,43.7,66.8,Clayey,Paddy,58.9,21.4,19.7,14-35-14
19.5,63.0,47.9,Sandy,Barley,56.2,21.9,15.1,14-35-14
21.7,30.3,45.5,Black,Cotton,48.9,19.5,15.1,14-35-14
22.4,67.7,65.2,Black,Tobacco,37.1,11.0,19.8,14-35-14
18.6,56.8,35.7,Red,Pulses,51.6,19.8,13.0,14-35-14
37.6,75.5,64.9,Red,Paddy,46.0,11.3,13.8,14-35-14
20.2,45.7,22.3,Black,Pulses,45.8,19.6,8.3,14-35-14
36.6,43.7,54.7,Loamy,Sugarcane,59.4,21.5,11.3,14-35-14
26.0,49.7,41.8,Black,Maize,50.8,9.7,11.8,14-35-14
26.8,49.6,34.7,Red,Millets,40.3,11.7,9.3,14-35-14
20.6,32.0,40.7,Loamy,Millets,39.9,10.6,12.0,14-35-14
18.4,72.8,67.9,Black,Cotton,56.6,10.4,12.6,14-35-14
26.4,79.3,66.6,Sandy,Millets,50.0,10.0,20.6,14-35-14
19.3,66.0,31.8,Black,Paddy,48.9,21.4,20.3,14-35-14
22.7,60.9,25.7,Black,Maize,48.7,8.0,12.5,14-35-14
37.4,72.2,37.5,Clayey,Millets,37.3,15.2,11.0,14-35-14
30.7,61.4,66.4,Sandy,Barley,58.3,15.2,12.3,14-35-14
30.7,59.0,25.2,Clayey,Paddy,39.9,14.7,20.4,14-35-14
24.8,63.1,42.4,Sandy,Pulses,51.5,8.7,14.9,14-35-14
24.5,85.7,29.1,Sandy,Cotton,42.8,15.1,20.1,14-35-14
36.8,75.3,66.1,Clayey,Pulses,42.7,11.5,13.4,14-35-14
31.6,62.8,41.8,Sandy,Oil seeds,48.5,10.8,14.0,14-35-14
23.2,80.3,52.2,Loamy,Sugarcane,35.5,18.1,8.5,14-35-14
29.8,43.3,43.9,Loamy,Millets,45.2,20.2,8.5,14-35-14
21.3,79.1,60.6,Clayey,Millets,46.9,19.9,11.5,14-35-14
35.1,43.5,60.3,Sandy,Sugarcane,39.5,19.4,21.2,14-35-14
21.2,72.5,41.6,Sandy,Sugarcane,46.1,12.3,16.5,14-35-14
31.1,72.6,38.3,Loamy,Ground Nuts,45.1,15.8,21.1,14-35-14
29.0,74.7,38.5,Red,Cotton,53.3,13.7,11.9,14-35-14
31.7,56.6,48.3,Red,Tobacco,52.4,18.7,20.5,14-35-14
37.0,67.0,59.4,Black,Maize,52.5,10.9,9.0,14-35-14
28.2,70.7,43.8,Sandy,Paddy,42.8,12.0,18.2,14-35-14
32.3,52.3,58.5,Black,Tobacco,38.6,10.9,17.6,14-35-14
22.1,82.4,33.8,Loamy,Barley,45.5,10.8,13.4,14-35-14
35.1,55.3,38.9,Loamy,Barley,53.7,20.8,18.6,14-35-14
29.5,78.2,29.4,Clayey,Sugarcane,54.6,16.3,20.5,14-35-14
34.7,31.1,25.6,Clayey,Sugarcane,59.8,11.9,21.7,14-35-14
32.7,48.7,37.3,Clayey,Cotton,40.2,14.2,8.7,14-35-14
28.5,57.0,70.0,Loamy,Coffee,44.7,13.4,15.1,14-35-14
35.5,63.2,29.6,Clayey,Oil seeds,54.8,8.5,21.8,14-35-14
37.8,60.8,54.1,Black,Maize,40.9,14.1,20.0,14-35-14
23.3,55.8,55.6,Clayey,Sugarcane,13.3,21.0,37.8,28-28
22.5,68.1,28.2,Clayey,Cotton,8.8,9.7,62.9,28-28
31.7,48.6,29.9,Loamy,Ground Nuts,20.0,10.7,39.8,28-28
27.3,83.8,32.9,Sandy,Ground Nuts,11.8,13.8,42.3,28-28
32.0,37.1,63.7,Loamy,Oil seeds,8.8,12.4,64.7,28-28
20.6,86.2,69.2,Sandy,Tobacco,10.6,20.1,46.7,28-28
23.3,32.6,33.4,Clayey,Barley,8.8,20.9,54.9,28-28
32.3,37.6,67.0,Loamy,Ground Nuts,20.6,12.9,38.3,28-28
32.6,82.0,22.6,Red,Sugarcane,10.0,16.4,53.6,28-28
25.9,63.9,56.9,Red,Millets,12.4,14.8,59.4,28-28
22.6,44.7,67.0,Sandy,Sugarcane,13.5,18.1,53.4,28-28
31.1,68.0,49.6,Black,Ground Nuts,9.4,21.9,47.0,28-28
35.7,54.6,58.7,Red,Millets,21.6,13.0,47.2,28-28
21.2,31.7,65.4,Sandy,Oil seeds,19.5,21.6,36.7,28-28
20.1,69.6,50.3,Sandy,Oil seeds,13.0,8.8,54.2,28-28
20.3,82.7,29.9,Sandy,Millets,18.4,20.4,52.4,28-28
26.5,62.3,64.4,Loamy,Cotton,12.6,9.9,49.7,28-28
20.2,54.6,20.9,Red,Maize,8.5,14.8,43.9,28-28
35.5,75.8,53.7,Red,Barley,16.5,8.7,61.2,28-28
18.4,84.3,65.1,Sandy,Cotton,15.6,16.1,56.2,28-28
22.4,69.1,25.2,Black,Pulses,14.4,14.9,46.4,28-28
25.1,49.6,45.0,Red,Coffee,17.4,21.6,39.3,28-28
23.7,64.3,47.3,Clayey,Pulses,15.8,18.1,46.5,28-28
22.4,40.5,20.8,Black,Ground Nuts,10.9,15.3,51.2,28-28
19.4,73.2,57.9,Loamy,Wheat,22.0,20.6,62.8,28-28
30.3,37.5,51.1,Loamy,Coffee,8.8,20.4,49.5,28-28
34.9,59.7,59.5,Sandy,Sugarcane,10.5,16.0,64.5,28-28
27.0,51.1,69.7,Loamy,Oil seeds,16.0,14.6,49.9,28-28
22.5,37.5,67.3,Sandy,Paddy,18.0,18.4,50.0,28-28
37.6,58.7,66.8,Loamy,Wheat,8.0,20.5,44.3,28-28
22.6,48.4,30.7,Sandy,Maize,20.7,20.6,38.1,28-28
22.4,42.8,67.4,Sandy,Paddy,21.4,21.9,59.2,28-28
36.5,62.4,32.5,Sandy,Millets,10.9,9.9,47.7,28-28
35.4,45.8,24.0,Black,Millets,17.2,17.2,37.8,28-28
37.9,69.3,56.5,Loamy,Barley,11.0,9.1,43.3,28-28
22.7,41.2,48.7,Black,Barley,12.6,19.5,40.5,28-28
27.6,33.2,68.9,Clayey,Maize,19.1,14.9,37.6,28-28
21.8,63.0,60.7,Clayey,Coffee,18.8,19.2,61.4,28-28
20.1,70.4,30.4,Loamy,Maize,21.0,11.0,42.7,28-28
33.4,54.8,61.0,Loamy,Sugarcane,19.0,21.0,57.7,28-28
34.7,84.4,69.7,Sandy,Pulses,9.8,16.6,41.0,28-28
32.9,86.7,49.7,Red,Tobacco,19.9,8.1,36.1,28-28
20.5,53.0,33.6,Red,Oil seeds,12.1,9.7,59.2,28-28
24.3,40.1,49.5,Black,Sugarcane,11.6,11.6,49.7,28-28
20.4,40.2,32.4,Clayey,Sugarcane,21.6,13.6,53.0,28-28
20.9,40.9,64.6,Loamy,Coffee,8.1,19.4,50.5,28-28
31.4,55.0,25.8,Sandy,Maize,9.4,18.6,41.6,28-28
37.6,86.9,38.9,Black,Coffee,8.4,18.2,59.9,28-28
20.9,38.1,49.2,Clayey,Cotton,21.8,9.3,43.6,28-28
19.4,80.8,46.2,Sandy,Tobacco,13.7,12.3,43.9,28-28
23.1,49.2,45.0,Loamy,Millets,8.2,20.7,36.3,28-28
29.4,60.0,52.7,Clayey,Barley,15.4,11.2,41.0,28-28
23.3,46.3,40.6,Black,Pulses,10.0,15.1,55.0,28-28
36.4,68.9,20.7,Clayey,Pulses,10.9,17.6,57.9,28-28
32.5,81.9,58.0,Sandy,Ground Nuts,8.7,13.2,43.2,28-28
23.1,77.2,50.9,Loamy,Oil seeds,19.7,15.2,46.3,28-28
18.7,79.7,31.5,Loamy,Oil seeds,19.9,9.9,52.4,28-28
27.5,73.3,60.2,Red,Maize,18.3,21.0,48.4,28-28
22.9,38.3,47.9,Black,Sugarcane,10.6,8.5,36.1,28-28
18.5,67.7,30.5,Red,Barley,17.8,12.3,61.2,28-28
23.7,83.2,59.0,Black,Oil seeds,11.4,21.3,45.7,28-28
36.4,34.5,41.4,Clayey,Sugarcane,15.5,20.6,64.9,28-28
37.4,75.7,68.2,Black,Ground Nuts,17.9,9.1,47.1,28-28
25.0,45.9,48.9,Clayey,Oil seeds,21.1,8.5,58.1,28-28
37.3,84.0,58.1,Sandy,Pulses,15.3,10.9,51.4,28-28
33.2,67.7,39.7,Loamy,Tobacco,16.5,8.6,57.9,28-28
34.9,45.0,34.2,Loamy,Cotton,21.4,13.3,35.3,28-28
18.6,41.7,33.4,Sandy,Cotton,9.0,13.0,35.8,28-28
22.2,46.6,65.5,Loamy,Pulses,15.0,11.8,53.0,28-28
36.3,52.5,49.8,Loamy,Maize,15.0,21.7,59.9,28-28
31.9,49.5,25.2,Loamy,Maize,16.0,16.1,63.6,28-28
34.4,46.0,37.5,Loamy,Sugarcane,11.0,16.2,45.4,28-28
30.1,58.4,44.4,Sandy,Cotton,9.1,10.7,44.6,28-28
29.9,80.1,28.0,Sandy,Barley,8.2,14.3,48.0,28-28
34.7,76.5,25.0,Loamy,Oil seeds,21.1,9.5,54.0,28-28
23.3,49.2,47.4,Clayey,Millets,10.8,8.3,51.9,28-28
26.1,87.1,58.5,Clayey,Oil seeds,21.5,15.2,49.2,28-28
24.0,40.5,42.3,Clayey,Ground Nuts,11.4,15.4,43.3,28-28
18.0,76.7,36.5,Loamy,Paddy,12.5,13.4,53.9,28-28
20.9,86.3,56.5,Sandy,Millets,11.5,18.1,52.3,28-28
21.6,32.4,60.5,Clayey,Maize,15.7,12.4,38.8,28-28
29.3,86.5,54.4,Black,Ground Nuts,20.5,17.8,57.1,28-28
24.1,75.4,34.8,Red,Coffee,15.9,11.5,59.5,28-28
27.7,54.5,25.3,Clayey,Coffee,21.1,8.6,57.5,28-28
37.7,31.8,53.1,Loamy,Ground Nuts,13.2,17.0,45.7,28-28
23.2,56.6,30.8,Red,Millets,14.9,18.6,50.6,28-28
33.2,36.9,38.5,Sandy,Millets,10.1,11.6,39.6,28-28
32.6,62.5,31.2,Black,Barley,15.1,15.3,52.7,28-28
37.5,57.0,66.3,Black,Paddy,8.1,11.5,38.1,28-28
34.6,81.1,50.3,Red,Pulses,20.1,8.2,38.2,28-28
31.7,82.0,36.6,Clayey,Sugarcane,21.2,8.2,45.5,28-28
33.5,31.8,53.6,Clayey,Millets,19.4,21.1,61.3,28-28
29.7,34.5,32.9,Clayey,Oil seeds,9.3,12.4,61.3,28-28
26.7,56.6,68.5,Loamy,Wheat,12.1,16.8,47.6,28-28
27.8,77.2,24.9,Sandy,Pulses,9.0,10.2,57.9,28-28
27.4,81.5,58.3,Clayey,Millets,19.4,19.4,54.3,28-28
35.3,83.7,21.2,Red,Ground Nuts,8.7,21.4,43.3,28-28
25.8,36.9,24.0,Red,Cotton,10.2,11.5,49.7,28-28
34.8,86.9,52.3,Sandy,Coffee,20.2,16.4,55.7,28-28
32.1,48.6,48.8,Sandy,Oil seeds,16.3,12.4,45.5,28-28
29.7,38.7,61.9,Sandy,Cotton,20.4,14.5,41.3,28-28
26.7,74.0,24.9,Red,Barley,8.6,18.5,47.8,28-28
19.9,79.6,44.0,Sandy,Coffee,19.6,19.4,62.5,28-28
37.0,38.8,24.1,Red,Barley,14.0,19.6,49.2,28-28
32.6,42.1,67.4,Red,Maize,8.9,20.6,44.1,28-28
26.4,40.0,37.9,Sandy,Coffee,10.7,10.9,40.6,28-28
22.9,43.4,67.5,Black,Millets,8.4,10.0,52.1,28-28
28.8,50.6,68.9,Loamy,Millets,17.9,19.6,36.2,28-28
33.6,73.8,60.7,Loamy,Maize,8.1,15.0,56.1,28-28
31.0,34.9,29.1,Black,Cotton,14.7,17.1,39.4,28-28
22.8,43.1,39.8,Loamy,Wheat,17.2,14.1,58.3,28-28
36.7,71.4,21.8,Black,Tobacco,13.3,19.3,63.8,28-28
34.8,80.1,26.2,Clayey,Tobacco,19.8,12.5,52.8,28-28
31.3,72.9,42.0,Loamy,Ground Nuts,20.4,19.3,58.6,28-28
25.4,56.5,36.2,Sandy,Tobacco,10.6,10.0,63.4,28-28
18.9,38.7,41.2,Sandy,Tobacco,10.6,13.1,38.9,28-28
19.9,54.8,69.2,Black,Cotton,12.6,20.3,60.3,28-28
30.2,60.4,67.2,Sandy,Ground Nuts,10.4,11.6,57.7,28-28
33.6,80.7,55.3,Red,Paddy,18.6,15.3,62.7,28-28
33.7,56.4,44.6,Clayey,Sugarcane,10.6,17.3,51.5,28-28
34.6,78.5,60.7,Clayey,Pulses,17.0,13.1,44.1,28-28
34.7,35.1,51.5,Black,Tobacco,15.1,15.4,62.8,28-28
33.5,33.0,21.9,Clayey,Tobacco,14.0,8.9,58.7,28-28
18.6,32.3,50.6,Loamy,Ground Nuts,19.3,14.1,51.6,28-28
30.2,43.0,50.7,Red,Oil seeds,16.8,18.3,53.6,28-28
29.1,37.7,34.4,Black,Pulses,14.9,16.9,40.5,28-28
24.9,58.0,29.2,Red,Coffee,14.9,12.7,48.7,28-28
25.1,71.7,42.1,Black,Oil seeds,17.2,12.8,44.7,28-28
20.9,78.2,37.4,Clayey,Tobacco,13.6,20.5,49.9,28-28
21.4,57.4,68.6,Black,Maize,13.2,13.2,40.9,28-28
32.8,74.7,68.5,Sandy,Tobacco,18.8,11.4,36.2,28-28
35.0,66.3,66.1,Black,Paddy,8.5,18.7,55.1,28-28
35.2,52.6,46.2,Loamy,Coffee,20.8,21.6,42.9,28-28
29.2,30.8,40.6,Clayey,Maize,9.0,13.7,36.2,28-28
22.2,49.0,63.5,Sandy,Oil seeds,18.4,11.1,37.2,28-28
25.8,74.4,42.3,Sandy,Paddy,12.8,14.3,57.5,28-28
28.5,31.9,43.4,Clayey,Maize,20.4,13.1,63.0,28-28
34.9,40.5,23.1,Black,Oil seeds,13.3,20.0,41.6,28-28
36.2,84.4,20.6,Black,Cotton,18.2,12.3,46.2,28-28
26.5,59.9,49.1,Sandy,Paddy,14.5,17.8,56.6,28-28
20.8,67.2,58.6,Clayey,Wheat,16.9,16.2,41.9,28-28
36.4,67.9,33.9,Clayey,Oil seeds,14.6,19.9,45.1,28-28
31.6,73.8,28.7,Black,Paddy,15.9,20.8,64.1,28-28
23.1,53.6,44.9,Sandy,Coffee,15.5,17.2,36.2,28-28
19.2,57.2,61.4,Clayey,Millets,14.3,10.1,64.6,28-28
26.5,52.4,58.3,Sandy,Millets,20.4,17.8,45.2,28-28
22.4,58.0,22.1,Sandy,Ground Nuts,14.5,13.9,58.4,28-28
37.7,40.5,49.5,Sandy,Cotton,9.3,18.3,64.8,28-28
29.1,58.1,61.8,Loamy,Wheat,21.1,21.8,46.9,28-28
23.1,35.2,33.6,Black,Maize,18.8,19.9,58.4,28-28
31.5,70.5,46.8,Loamy,Ground Nuts,20.4,11.5,46.4,28-28
24.9,51.4,64.4,Clayey,Cotton,14.5,15.2,45.0,28-28
31.1,37.0,64.0,Sandy,Ground Nuts,18.9,10.7,55.8,28-28
35.3,48.2,32.3,Red,Wheat,18.5,8.2,43.0,28-28
33.7,49.4,64.1,Black,Barley,16.6,19.5,51.4,28-28
24.9,82.1,56.2,Sandy,Barley,8.4,8.3,50.5,28-28
24.0,87.2,33.6,Red,Pulses,14.9,13.7,40.1,28-28
31.0,52.6,44.9,Sandy,Tobacco,20.3,9.5,58.8,28-28
18.7,40.8,58.3,Loamy,Sugarcane,13.7,20.2,50.7,28-28
32.3,36.4,59.5,Loamy,Pulses,10.4,12.8,57.8,28-28
25.4,78.1,29.5,Black,Millets,19.3,17.2,40.8,28-28
25.7,41.8,52.2,Clayey,Tobacco,21.9,8.2,51.2,28-28
28.1,61.5,43.6,Clayey,Maize,11.8,8.8,47.3,28-28
28.7,66.2,69.4,Clayey,Ground Nuts,14.1,8.9,63.7,28-28
25.4,65.4,33.7,Clayey,Pulses,17.8,10.1,38.2,28-28
37.4,37.3,28.0,Black,Sugarcane,17.5,15.6,35.6,28-28
25.1,81.7,49.7,Loamy,Barley,19.3,14.0,38.4,28-28
37.0,78.8,49.7,Clayey,Wheat,13.7,14.9,61.2,28-28
33.4,60.0,50.5,Black,Tobacco,18.1,8.4,52.1,28-28
29.4,53.1,68.9,Sandy,Barley,15.1,15.7,56.4,28-28
35.2,80.4,43.6,Loamy,Tobacco,15.2,19.7,57.2,28-28
18.3,57.8,62.9,Red,Sugarcane,20.5,21.4,61.4,28-28
33.5,72.9,46.9,Black,Sugarcane,9.2,21.0,48.7,28-28
30.6,69.1,30.5,Clayey,Coffee,19.7,12.1,40.6,28-28
22.5,41.0,50.8,Loamy,Wheat,18.9,15.9,41.9,28-28
30.4,37.6,37.2,Sandy,Pulses,17.5,9.4,38.8,28-28
29.8,55.7,42.3,Loamy,Coffee,13.1,8.2,50.7,28-28
18.0,47.9,33.9,Red,Oil seeds,13.5,9.8,50.2,28-28
30.6,76.6,42.6,Loamy,Barley,15.3,19.3,47.8,28-28
26.7,54.2,58.0,Clayey,Tobacco,10.4,12.7,41.7,28-28
22.9,52.9,54.2,Sandy,Tobacco,20.5,12.4,41.5,28-28
32.3,70.8,37.7,Black,Ground Nuts,20.5,15.0,54.4,28-28
29.8,78.9,34.2,Clayey,Wheat,16.1,9.7,55.7,28-28
18.9,69.2,40.7,Loamy,Cotton,9.7,13.9,40.8,28-28
25.7,72.8,58.7,Clayey,Pulses,16.5,8.3,62.9,28-28
29.9,50.0,34.1,Red,Millets,9.0,21.2,49.8,28-28
35.4,46.2,30.2,Loamy,Coffee,11.9,15.9,37.2,28-28
35.9,40.9,36.6,Red,Maize,13.5,16.2,62.6,28-28
19.4,50.2,29.5,Red,Coffee,17.1,8.4,43.8,28-28
23.5,62.0,25.7,Sandy,Tobacco,21.2,12.1,62.7,28-28
20.4,75.3,38.2,Loamy,Tobacco,18.3,15.2,57.2,28-28
28.7,59.7,33.3,Clayey,Wheat,21.1,14.4,38.8,28-28
29.6,82.7,39.3,Black,Barley,21.0,17.1,62.4,28-28
31.8,50.7,32.1,Red,Paddy,11.1,21.3,63.8,28-28
19.0,55.6,42.6,Red,Maize,12.2,16.0,39.5,28-28
35.4,49.3,26.6,Clayey,Paddy,19.4,17.4,42.3,28-28
26.0,84.5,50.4,Red,Millets,10.2,15.0,60.9,28-28
34.8,44.5,64.4,Sandy,Ground Nuts,18.6,18.2,45.4,28-28
30.8,79.4,38.0,Red,Sugarcane,10.0,12.7,48.7,28-28
33.2,56.3,59.7,Black,Tobacco,18.8,17.3,60.6,28-28
29.6,43.8,39.9,Sandy,Cotton,18.6,17.1,40.3,28-28
31.7,44.6,45.0,Red,Pulses,18.5,15.9,37.5,28-28
22.4,45.0,48.3,Black,Wheat,15.1,10.8,37.0,28-28
37.7,57.2,63.4,Black,Tobacco,19.9,15.2,56.2,28-28
32.0,51.5,29.1,Sandy,Oil seeds,20.9,9.5,51.3,28-28
31.1,58.3,38.3,Sandy,Pulses,17.0,21.3,36.2,28-28
30.2,76.8,39.2,Red,Pulses,14.6,20.2,47.4,28-28
18.4,39.2,52.1,Loamy,Wheat,18.0,16.2,39.3,28-28
25.1,58.7,63.5,Sandy,Wheat,18.9,9.2,61.7,28-28
32.9,38.1,53.5,Red,Millets,11.3,14.1,35.5,28-28
19.8,43.9,25.0,Black,Wheat,17.7,8.4,53.5,28-28
36.9,84.1,31.3,Sandy,Maize,16.6,8.4,63.0,28-28
24.8,34.5,39.6,Red,Sugarcane,17.4,14.6,46.5,28-28
29.1,37.3,42.4,Red,Sugarcane,16.0,16.5,46.0,28-28
29.9,58.5,35.2,Loamy,Paddy,15.8,17.4,35.8,28-28
26.0,39.5,60.6,Black,Wheat,11.2,15.4,38.8,28-28
20.9,74.4,57.2,Red,Maize,20.6,8.1,41.5,28-28
31.4,81.9,22.9,Red,Barley,16.4,16.0,36.1,28-28
30.2,41.1,33.7,Red,Pulses,17.0,14.6,60.7,28-28
36.0,86.1,38.1,Sandy,Millets,17.1,17.3,47.1,28-28
36.7,75.8,25.7,Black,Pulses,9.7,20.9,37.4,28-28
18.7,33.5,38.7,Sandy,Paddy,9.1,16.4,54.4,28-28
32.9,58.4,41.5,Clayey,Pulses,13.7,14.0,64.0,28-28
32.7,49.2,26.3,Clayey,Millets,14.7,18.5,46.3,28-28
25.7,50.3,69.9,Black,Sugarcane,14.8,19.3,59.1,28-28
19.7,45.7,58.4,Loamy,Wheat,15.9,15.8,40.0,28-28
28.4,46.1,30.5,Red,Cotton,9.2,10.2,58.1,28-28
37.6,34.3,34.2,Sandy,Cotton,11.4,11.5,46.4,28-28
30.1,35.2,20.5,Clayey,Tobacco,8.2,13.7,41.8,28-28
33.9,74.3,26.7,Red,Oil seeds,9.2,20.7,51.1,28-28
19.2,60.5,47.0,Black,Maize,20.0,9.4,42.2,28-28
35.3,84.5,69.6,Loamy,Tobacco,21.4,8.1,36.4,28-28
26.5,60.5,47.7,Clayey,Cotton,13.4,22.0,64.3,28-28
37.6,76.0,69.4,Black,Pulses,20.5,13.8,58.5,28-28
21.8,76.9,33.0,Sandy,Wheat,19.2,11.8,36.0,28-28
24.3,65.4,68.3,Clayey,Wheat,17.4,13.1,63.1,28-28
20.6,58.9,52.7,Loamy,Cotton,19.7,21.1,44.5,28-28
32.8,76.1,40.5,Sandy,Barley,13.5,21.4,62.5,28-28
33.6,66.1,27.7,Loamy,Oil seeds,13.0,10.5,43.9,28-28
25.9,61.3,24.4,Loamy,Ground Nuts,18.3,13.6,49.4,28-28
24.9,67.6,39.6,Sandy,Oil seeds,20.5,19.9,42.2,28-28
22.4,66.3,39.6,Red,Tobacco,21.9,14.7,41.8,28-28
31.1,34.4,50.2,Sandy,Paddy,21.0,19.9,37.0,28-28
32.0,39.4,20.6,Clayey,Maize,10.4,19.7,35.6,28-28
26.2,58.1,53.5,Sandy,Millets,13.2,11.0,61.5,28-28
18.4,61.7,37.1,Sandy,Barley,11.9,12.7,54.2,28-28
36.3,57.0,36.3,Clayey,Maize,18.7,8.2,48.0,28-28
24.8,49.6,21.6,Clayey,Coffee,10.1,10.0,64.7,28-28
30.6,56.1,23.9,Loamy,Cotton,17.4,9.9,55.1,28-28
36.5,53.1,36.0,Sandy,Coffee,20.4,8.7,39.1,28-28
34.5,45.4,56.3,Sandy,Millets,11.0,19.0,39.4,28-28
33.8,46.2,61.9,Black,Sugarcane,17.0,13.6,47.7,28-28
22.4,70.2,55.4,Loamy,Cotton,20.9,18.0,52.5,28-28
22.6,44.6,43.3,Black,Maize,20.6,10.1,59.8,28-28
34.2,83.4,41.4,Clayey,Millets,13.1,19.2,50.9,28-28
20.3,58.9,59.7,Black,Wheat,17.1,11.3,48.1,28-28
24.4,48.0,57.4,Loamy,Ground Nuts,15.8,20.4,44.2,28-28
21.0,53.2,44.1,Black,Cotton,13.0,12.5,55.6,28-28
36.7,62.8,50.6,Loamy,Wheat,9.0,20.1,43.6,28-28
37.6,64.5,56.2,Sandy,Maize,14.2,8.8,58.9,28-28
32.0,31.3,63.1,Red,Cotton,10.2,15.2,52.9,28-28
27.4,48.1,41.9,Sandy,Sugarcane,13.0,15.9,42.1,28-28
28.0,41.3,43.9,Sandy,Pulses,20.1,8.3,55.4,28-28
21.4,77.4,38.4,Red,Tobacco,12.1,19.6,54.2,28-28
32.8,78.5,22.7,Loamy,Maize,18.9,16.6,37.1,28-28
35.6,49.9,39.4,Sandy,Sugarcane,17.4,14.8,37.7,28-28
19.9,41.1,20.4,Loamy,Oil seeds,10.5,12.6,51.1,28-28
28.0,41.1,47.6,Black,Cotton,13.7,13.5,59.3,28-28
26.5,81.6,31.7,Clayey,Paddy,9.0,16.3,61.6,28-28
33.3,52.0,43.9,Sandy,Millets,10.6,12.1,58.3,28-28
18.7,70.1,46.4,Sandy,Oil seeds,12.0,19.4,43.7,28-28
34.3,71.1,23.1,Black,Oil seeds,20.7,19.1,41.9,28-28
37.7,79.5,66.5,Loamy,Cotton,19.0,14.4,41.2,28-28
31.1,61.0,49.8,Red,Paddy,13.8,12.2,36.5,28-28
32.9,68.9,52.2,Red,Wheat,11.4,8.3,59.3,28-28
20.0,33.6,37.4,Clayey,Maize,19.3,20.9,61.9,28-28
24.1,58.7,29.3,Red,Paddy,21.0,16.3,38.6,28-28
37.1,72.8,56.7,Black,Oil seeds,9.0,20.5,48.3,28-28
37.2,35.8,44.1,Clayey,Sugarcane,8.7,15.0,42.6,28-28
26.0,66.8,63.0,Sandy,Barley,21.8,15.1,48.7,28-28
18.3,65.3,23.3,Red,Maize,13.3,8.1,53.5,28-28
20.6,78.9,57.3,Black,Ground Nuts,10.8,12.8,64.0,28-28
22.2,75.5,54.3,Loamy,Sugarcane,17.5,15.7,51.9,28-28
29.4,87.8,69.0,Sandy,Sugarcane,15.5,14.4,48.9,28-28
28.6,45.9,66.3,Loamy,Cotton,14.9,19.8,49.3,28-28
24.7,66.2,44.9,Clayey,Ground Nuts,13.1,20.3,38.4,28-28
21.9,79.9,32.7,Black,Paddy,16.9,10.3,47.1,28-28
35.9,46.7,32.5,Red,Tobacco,21.1,19.3,59.6,28-28
20.9,31.5,31.9,Black,Paddy,18.8,11.4,56.9,28-28
25.9,87.0,32.2,Black,Oil seeds,13.3,12.2,38.3,28-28
31.9,77.4,47.2,Loamy,Oil seeds,8.5,16.7,36.7,28-28
31.7,41.5,61.0,Black,Tobacco,20.8,19.4,44.2,28-28
35.3,30.2,30.1,Sandy,Sugarcane,16.3,10.3,64.6,28-28
21.2,46.8,50.7,Clayey,Ground Nuts,15.7,19.0,43.1,28-28
29.7,65.1,26.1,Loamy,Ground Nuts,15.7,8.2,50.0,28-28
19.5,84.4,42.9,Black,Sugarcane,21.1,9.5,63.5,28-28
29.0,34.5,67.2,Black,Ground Nuts,9.4,20.0,35.0,28-28
33.2,51.0,56.9,Red,Maize,13.6,9.0,58.0,28-28
19.0,57.8,56.2,Sandy,Ground Nuts,13.5,11.0,57.8,28-28
25.7,57.5,50.0,Loamy,Millets,16.0,8.5,57.5,28-28
28.8,70.9,53.9,Loamy,Pulses,16.6,10.0,60.1,28-28
22.4,35.0,40.8,Black,Pulses,16.7,17.3,63.9,28-28
37.7,68.0,42.7,Sandy,Cotton,20.4,17.7,45.5,28-28
31.3,70.5,64.8,Loamy,Millets,14.3,17.2,57.3,28-28
25.4,35.6,31.3,Red,Barley,20.6,21.7,54.4,28-28
30.9,31.9,69.8,Loamy,Tobacco,9.4,17.6,42.6,28-28
30.9,55.3,32.5,Sandy,Ground Nuts,12.7,12.8,63.8,28-28
22.0,77.0,27.9,Loamy,Oil seeds,10.9,13.1,61.4,28-28
20.4,58.7,33.8,Black,Maize,16.0,14.3,48.0,28-28
34.4,81.4,31.7,Red,Coffee,9.6,8.7,53.2,28-28
25.5,69.4,55.6,Red,Coffee,21.1,8.9,40.8,28-28
31.0,80.0,26.6,Sandy,Sugarcane,19.4,19.4,52.6,28-28
21.6,39.8,63.1,Clayey,Wheat,15.0,11.4,55.7,28-28
24.9,58.0,57.6,Black,Ground Nuts,8.9,11.0,48.9,28-28
24.8,47.3,22.1,Red,Millets,8.5,11.9,50.9,28-28
31.2,39.2,65.2,Clayey,Maize,11.2,12.1,60.5,28-28
24.5,84.3,39.6,Clayey,Coffee,14.1,19.2,37.8,28-28
37.5,59.3,22.2,Red,Barley,8.7,20.7,61.2,28-28
34.6,48.8,41.0,Red,Ground Nuts,17.6,12.9,53.9,28-28
33.9,52.1,34.4,Red,Maize,12.0,12.9,49.8,28-28
20.7,39.5,37.1,Loamy,Ground Nuts,15.9,16.3,49.6,28-28
26.0,69.5,64.5,Clayey,Paddy,8.6,9.0,44.8,28-28
23.3,42.8,29.8,Loamy,Sugarcane,9.8,21.1,39.3,28-28
22.9,84.1,57.8,Sandy,Coffee,19.1,9.5,60.1,28-28
23.3,63.4,61.1,Black,Barley,18.9,20.5,62.8,28-28
26.5,30.8,64.0,Red,Millets,10.2,20.1,44.9,28-28
24.5,81.5,21.3,Black,Ground Nuts,13.7,8.4,46.1,28-28
23.0,80.9,41.8,Red,Oil seeds,11.8,16.3,39.3,28-28
20.7,31.4,66.8,Loamy,Barley,20.9,8.7,40.2,28-28
23.6,41.8,67.3,Red,Paddy,9.2,11.0,37.4,28-28
36.4,71.6,41.3,Red,Coffee,10.7,11.1,48.3,28-28
23.3,48.0,50.0,Red,Wheat,11.3,16.2,46.6,28-28
32.0,79.6,43.4,Clayey,Coffee,19.7,10.5,39.8,28-28
22.8,85.5,57.3,Sandy,Paddy,15.9,12.3,41.6,28-28
28.4,60.2,23.7,Clayey,Barley,15.2,19.5,63.4,28-28
29.5,71.6,57.3,Loamy,Wheat,20.7,8.1,35.0,28-28
37.5,42.9,43.6,Loamy,Paddy,8.9,15.3,46.4,28-28
24.7,52.7,69.5,Sandy,Cotton,10.9,15.6,64.6,28-28
27.8,70.4,25.5,Sandy,Barley,14.2,19.3,50.2,28-28
23.1,44.3,68.0,Black,Cotton,8.9,14.0,61.1,28-28
25.6,77.0,49.2,Sandy,Sugarcane,13.5,9.5,61.9,28-28
25.2,67.1,66.1,Red,Paddy,10.1,15.9,57.9,28-28
24.8,82.2,22.6,Loamy,Barley,18.2,8.3,40.2,28-28
25.2,77.6,38.8,Black,Pulses,19.8,21.5,48.1,28-28
30.6,84.2,32.8,Sandy,Oil seeds,16.6,12.5,41.5,28-28
30.4,81.2,37.6,Red,Sugarcane,15.7,17.0,47.4,28-28
25.3,37.3,27.2,Clayey,Pulses,20.5,21.8,43.7,28-28
35.4,67.4,67.3,Clayey,Sugarcane,11.9,16.3,55.7,28-28
35.6,86.8,44.7,Black,Pulses,13.5,14.6,60.6,28-28
29.4,39.8,53.2,Red,Millets,14.0,19.9,58.3,28-28
32.0,62.5,23.1,Black,Millets,17.2,14.5,49.1,28-28
23.0,48.4,68.2,Red,Paddy,19.3,8.2,62.2,28-28
32.1,62.1,46.8,Red,Millets,18.1,10.9,39.8,28-28
36.2,33.3,30.3,Black,Maize,14.7,14.0,54.2,28-28
27.0,41.2,64.7,Sandy,Cotton,21.5,14.7,38.1,28-28
25.1,81.5,68.8,Sandy,Oil seeds,15.8,15.9,43.9,28-28
25.9,33.3,41.6,Red,Ground Nuts,18.9,15.8,54.4,28-28
26.4,78.4,43.8,Red,Pulses,21.8,14.2,54.5,28-28
31.1,79.4,67.1,Clayey,Paddy,22.0,12.0,52.3,28-28
29.3,39.1,62.8,Red,Coffee,20.7,14.3,43.4,28-28
31.7,48.1,65.5,Sandy,Tobacco,17.4,17.0,51.8,28-28
37.8,69.2,65.0,Sandy,Paddy,18.8,15.6,39.5,28-28
33.6,74.7,31.3,Black,Ground Nuts,21.7,21.9,37.3,28-28
23.8,70.0,36.9,Clayey,Pulses,21.5,9.4,49.9,28-28
30.9,37.6,55.8,Red,Pulses,21.7,19.3,60.8,28-28
21.6,55.1,37.1,Sandy,Maize,21.3,11.4,49.1,28-28
33.8,85.9,50.4,Black,Sugarcane,12.7,19.6,43.7,28-28
30.8,81.0,68.1,Red,Pulses,20.0,8.8,54.9,28-28
37.6,51.7,28.5,Clayey,Millets,19.9,12.4,52.9,28-28
26.0,72.5,38.1,Black,Barley,17.7,8.2,44.7,28-28
32.4,55.5,59.3,Black,Oil seeds,20.9,16.4,40.6,28-28
19.3,80.8,61.3,Black,Paddy,12.8,15.9,63.0,28-28
22.2,60.9,28.8,Loamy,Pulses,16.9,12.1,58.7,28-28
27.3,40.5,52.3,Clayey,Wheat,21.9,16.7,36.1,28-28
24.4,41.4,60.7,Sandy,Barley,19.8,11.6,44.8,28-28
36.2,59.2,52.8,Loamy,Maize,13.8,16.8,46.6,28-28
35.7,42.9,25.6,Sandy,Coffee,17.6,14.2,58.9,28-28
22.9,41.2,45.1,Red,Cotton,14.0,18.2,42.3,28-28
35.7,82.8,67.9,Black,Coffee,18.8,20.7,42.0,28-28
35.3,70.8,21.1,Black,Tobacco,12.1,15.8,62.8,28-28
30.0,47.5,64.5,Clayey,Oil seeds,18.7,13.2,40.0,28-28
30.4,53.6,35.7,Black,Maize,21.8,14.5,57.5,28-28
20.5,34.6,57.8,Red,Pulses,8.1,21.4,50.5,28-28
26.1,45.6,24.9,Red,Tobacco,19.1,19.6,36.0,28-28
18.3,52.6,52.7,Sandy,Sugarcane,11.6,14.0,36.7,28-28
33.1,54.0,41.0,Clayey,Tobacco,9.2,10.8,39.6,28-28
28.6,85.0,23.7,Clayey,Oil seeds,16.4,15.4,50.5,28-28
22.1,32.4,53.6,Loamy,Tobacco,12.8,8.2,42.5,28-28
21.5,54.0,44.1,Clayey,Barley,14.4,21.6,36.4,28-28
32.0,30.6,36.9,Loamy,Barley,12.2,20.2,50.9,28-28
23.3,64.2,27.6,Clayey,Sugarcane,11.4,12.1,53.2,28-28
28.1,67.7,67.8,Clayey,Maize,18.7,13.7,57.4,28-28
26.2,34.5,64.6,Sandy,Maize,11.5,8.9,51.1,28-28
26.1,75.4,61.8,Sandy,Coffee,14.4,16.3,51.0,28-28
32.5,83.7,31.0,Loamy,Pulses,12.3,9.0,50.0,28-28
24.5,37.4,23.4,Loamy,Oil seeds,14.3,10.3,45.4,28-28
25.7,65.4,45.1,Black,Barley,18.1,10.2,62.6,28-28
23.4,37.1,27.5,Red,Millets,19.0,16.2,46.4,28-28
19.4,57.9,28.5,Red,Wheat,18.2,11.3,45.3,28-28
21.4,30.9,62.2,Loamy,Millets,16.1,20.5,49.5,28-28
33.8,32.3,41.6,Loamy,Coffee,13.4,17.1,64.0,28-28
37.7,47.5,21.5,Red,Ground Nuts,10.3,13.5,44.5,28-28
26.7,49.6,26.1,Sandy,Pulses,12.1,20.4,44.1,28-28
30.2,54.8,32.0,Black,Barley,13.2,16.3,45.5,28-28
20.3,81.0,42.0,Red,Sugarcane,16.8,14.9,61.2,28-28
20.5,32.2,36.0,Sandy,Pulses,11.8,13.7,63.9,28-28
36.8,83.4,64.2,Red,Barley,9.4,16.9,59.2,28-28
29.6,31.0,68.7,Loamy,Maize,14.6,13.5,46.8,28-28
22.8,49.0,69.3,Clayey,Wheat,13.2,15.4,60.4,28-28
19.8,39.3,39.2,Clayey,Sugarcane,10.2,21.5,63.4,28-28
30.8,61.0,60.8,Black,Pulses,16.8,8.0,57.9,28-28
27.0,39.0,56.9,Loamy,Ground Nuts,20.9,8.6,46.9,28-28
37.1,39.5,31.1,Clayey,Barley,10.2,12.2,56.7,28-28
23.4,78.1,20.3,Sandy,Ground Nuts,11.1,16.5,37.9,28-28
23.4,32.5,38.2,Red,Ground Nuts,13.3,19.3,54.6,28-28
31.0,33.1,29.0,Sandy,Coffee,16.8,17.0,58.2,28-28
22.3,62.0,50.1,Black,Cotton,22.0,10.8,50.7,28-28
22.6,32.8,48.6,Sandy,Maize,12.7,10.5,44.7,28-28
37.0,63.7,60.7,Loamy,Ground Nuts,13.9,20.6,49.5,28-28
31.0,80.1,34.7,Sandy,Oil seeds,14.3,11.2,45.8,28-28
37.1,54.1,59.4,Loamy,Cotton,10.0,19.4,60.8,28-28
36.1,39.7,43.8,Black,Oil seeds,16.7,16.3,60.8,28-28
21.5,44.7,64.6,Red,Coffee,21.2,16.0,50.0,28-28
30.3,39.9,54.3,Clayey,Sugarcane,14.3,15.2,35.9,28-28
34.7,65.9,57.4,Black,Pulses,15.3,16.7,46.8,28-28
27.4,69.5,51.1,Loamy,Wheat,17.8,19.0,50.4,28-28
33.1,39.9,61.5,Loamy,Sugarcane,15.7,21.8,56.6,28-28
25.9,60.0,62.0,Red,Maize,18.2,13.2,54.6,28-28
33.6,40.2,59.1,Loamy,Coffee,17.3,17.6,49.4,28-28
19.1,38.6,48.8,Sandy,Oil seeds,18.4,9.1,62.6,28-28
30.1,57.9,57.1,Red,Pulses,12.6,14.9,62.5,28-28
36.5,45.2,31.6,Black,Oil seeds,12.2,14.2,44.4,28-28
30.4,74.2,56.8,Loamy,Wheat,19.4,8.5,36.4,28-28
28.7,63.5,22.6,Loamy,Coffee,11.6,16.9,60.8,28-28
28.0,61.6,61.7,Clayey,Tobacco,15.5,15.2,62.2,28-28
36.2,42.7,46.2,Black,Tobacco,19.8,9.6,58.8,28-28
23.0,51.6,57.2,Clayey,Barley,14.9,10.2,42.3,28-28
28.1,33.6,66.1,Loamy,Cotton,10.5,15.4,59.1,28-28
33.8,69.4,48.9,Loamy,Coffee,13.2,10.9,56.3,28-28
37.4,86.8,26.5,Sandy,Pulses,9.5,13.8,63.9,28-28
25.3,70.8,28.9,Sandy,Ground Nuts,13.1,12.1,53.0,28-28
29.0,79.7,45.7,Clayey,Oil seeds,17.6,9.1,48.5,28-28
20.9,39.7,22.3,Loamy,Wheat,20.6,15.6,56.0,28-28
33.8,81.2,68.4,Sandy,Tobacco,14.1,21.3,56.7,28-28
31.6,69.8,65.3,Loamy,Barley,13.2,16.2,35.4,28-28
19.2,60.3,60.9,Sandy,Barley,10.9,15.4,41.1,28-28
26.6,34.5,26.1,Loamy,Millets,18.8,8.9,62.2,28-28
34.8,71.9,26.6,Red,Ground Nuts,16.3,17.4,36.1,28-28
36.1,79.3,61.2,Loamy,Cotton,18.4,16.9,55.4,28-28
35.9,31.0,54.9,Sandy,Maize,21.4,17.9,64.8,28-28
18.7,78.0,34.2,Sandy,Cotton,14.2,12.4,43.1,28-28
25.6,66.7,60.7,Loamy,Sugarcane,12.2,11.0,55.0,28-28
29.2,84.3,60.5,Red,Ground Nuts,10.2,13.4,55.1,28-28
34.2,73.1,49.5,Red,Wheat,15.6,14.0,64.2,28-28
37.4,49.8,59.8,Loamy,Pulses,19.9,16.7,45.4,28-28
29.7,65.2,51.0,Red,Ground Nuts,19.9,10.4,46.0,28-28
37.6,45.3,43.5,Black,Sugarcane,20.3,9.1,59.6,28-28
18.6,82.4,22.0,Clayey,Coffee,15.2,8.7,37.1,28-28
34.5,68.4,28.1,Clayey,Ground Nuts,18.3,18.2,47.8,28-28
21.3,45.5,23.2,Red,Millets,19.1,16.7,44.4,28-28
18.8,39.7,42.7,Red,Barley,11.5,11.6,61.3,28-28
32.6,32.1,38.3,Black,Paddy,14.7,10.6,38.6,28-28
30.5,75.5,63.9,Sandy,Paddy,18.0,15.3,43.2,28-28
27.6,66.0,24.0,Loamy,Coffee,15.0,17.8,52.5,28-28
34.5,69.8,46.7,Black,Pulses,11.3,18.4,49.2,28-28
34.0,70.4,66.9,Clayey,Cotton,10.3,17.1,42.3,28-28
31.1,75.9,37.7,Black,Ground Nuts,21.4,19.9,43.8,28-28
23.9,46.3,64.5,Red,Sugarcane,21.5,9.0,49.1,28-28
19.9,51.9,35.9,Loamy,Wheat,15.5,17.3,56.1,28-28
29.8,50.2,20.3,Black,Sugarcane,8.5,17.3,50.7,28-28
24.0,77.3,41.3,Loamy,Oil seeds,9.4,21.7,50.4,28-28
19.9,71.0,56.7,Loamy,Barley,12.0,12.2,49.1,28-28
33.8,48.4,62.7,Red,Barley,19.2,17.3,44.7,28-28
26.9,49.7,62.4,Loamy,Wheat,14.8,19.7,38.2,28-28
30.8,52.1,29.2,Black,Pulses,18.6,10.9,55.9,28-28
19.8,44.6,34.2,Clayey,Maize,17.1,10.3,62.9,28-28
27.8,55.2,48.3,Red,Oil seeds,8.3,21.9,51.7,28-28
29.8,55.4,21.2,Clayey,Millets,20.9,8.1,52.3,28-28
35.0,50.5,47.7,Sandy,Barley,16.6,12.5,52.1,28-28
20.9,51.7,57.0,Red,Coffee,20.8,14.4,54.3,28-28
36.1,63.0,59.0,Clayey,Pulses,19.1,11.6,50.9,28-28
19.8,69.6,68.1,Clayey,Oil seeds,12.2,20.1,63.0,28-28
22.6,49.4,21.8,Loamy,Oil seeds,19.6,19.9,54.0,28-28
30.3,56.4,21.9,Black,Tobacco,8.5,9.3,45.6,28-28
27.9,50.9,47.8,Loamy,Cotton,18.1,11.5,39.7,28-28
20.4,73.5,31.1,Loamy,Cotton,21.9,10.3,58.7,28-28
24.4,49.2,48.2,Black,Coffee,19.9,13.4,36.8,28-28
37.0,62.7,54.9,Sandy,Paddy,19.2,18.1,56.0,28-28
29.9,66.9,62.5,Black,Barley,17.4,18.3,42.0,28-28
37.9,65.5,59.3,Black,Tobacco,12.7,19.6,53.5,28-28
26.5,32.3,68.2,Sandy,Pulses,16.8,10.1,40.2,28-28
33.5,61.7,41.7,Black,Cotton,21.5,13.5,47.0,28-28
26.5,48.1,58.1,Clayey,Sugarcane,19.7,21.7,54.3,28-28
24.1,42.9,30.6,Red,Wheat,13.7,21.9,35.0,28-28
19.4,33.1,34.6,Black,Millets,12.1,9.6,47.1,28-28
20.0,75.8,48.3,Loamy,Tobacco,18.1,13.9,46.4,28-28
28.5,59.8,43.4,Black,Barley,18.4,19.7,57.5,28-28
18.3,73.6,31.9,Sandy,Coffee,8.0,20.2,48.3,28-28
23.3,44.0,29.7,Black,Coffee,19.8,10.4,51.9,28-28
37.0,65.0,65.2,Loamy,Wheat,13.6,19.3,60.6,28-28
33.4,68.5,30.8,Sandy,Maize,13.7,18.9,63.6,28-28
22.1,53.2,57.0,Sandy,Oil seeds,11.6,17.8,49.7,28-28
22.7,56.1,24.8,Sandy,Sugarcane,12.7,15.1,57.0,28-28
22.4,66.6,39.1,Clayey,Cotton,14.7,19.7,50.0,28-28
31.1,76.6,51.9,Loamy,Ground Nuts,8.9,12.8,64.7,28-28
28.5,51.0,32.4,Black,Tobacco,13.7,15.2,57.4,28-28
22.4,52.0,38.0,Clayey,Oil seeds,13.5,19.1,44.7,28-28
22.6,71.7,47.4,Black,Tobacco,14.3,19.3,42.3,28-28
29.2,45.4,21.8,Red,Paddy,19.4,9.8,46.0,28-28
26.6,72.1,49.8,Clayey,Maize,12.1,8.7,58.0,28-28
35.8,52.9,55.9,Loamy,Ground Nuts,21.2,17.1,47.4,28-28
28.0,65.3,64.9,Sandy,Wheat,13.6,13.4,35.1,28-28
18.6,59.2,60.2,Black,Paddy,15.7,11.8,58.6,28-28
32.7,65.4,28.5,Loamy,Millets,20.7,10.8,64.7,28-28
22.9,31.0,56.0,Clayey,Maize,16.7,17.7,41.4,28-28
29.9,51.2,41.9,Loamy,Coffee,16.0,14.9,54.3,28-28
31.1,39.0,33.4,Red,Pulses,13.5,11.9,41.8,28-28
18.9,73.2,44.3,Black,Maize,12.4,10.0,37.3,28-28
21.2,31.7,56.6,Clayey,Sugarcane,11.5,13.2,59.7,28-28
34.7,67.1,37.1,Red,Wheat,9.6,9.3,45.1,28-28
23.4,33.1,49.8,Red,Coffee,10.0,18.6,41.5,28-28
21.8,71.8,36.7,Red,Sugarcane,16.2,8.5,49.9,28-28
27.7,38.2,41.9,Black,Paddy,9.5,11.1,52.9,28-28
31.7,61.3,44.9,Loamy,Ground Nuts,8.9,10.0,61.5,28-28
30.3,60.6,38.9,Red,Pulses,13.4,15.8,39.2,28-28
25.9,61.0,51.4,Black,Paddy,20.9,10.5,43.9,28-28
25.4,31.3,27.4,Black,Millets,8.4,21.9,43.4,28-28
30.0,31.9,24.1,Loamy,Maize,14.7,13.7,53.2,28-28
27.7,69.1,61.2,Black,Millets,14.7,14.7,44.6,28-28
24.4,54.5,69.1,Red,Wheat,10.2,15.6,38.0,28-28
36.9,52.7,23.2,Loamy,Maize,13.4,10.0,41.9,28-28
20.7,71.3,38.9,Sandy,Tobacco,21.5,12.6,64.5,28-28
24.5,57.6,39.4,Clayey,Millets,12.8,8.3,45.8,28-28
24.6,73.3,50.8,Clayey,Tobacco,20.2,15.0,44.9,28-28
25.1,54.9,60.5,Sandy,Cotton,9.2,13.4,37.6,28-28
23.3,59.9,44.0,Red,Tobacco,16.5,14.7,63.0,28-28
35.0,77.1,29.1,Sandy,Sugarcane,16.3,16.2,50.8,28-28
19.8,35.9,65.1,Red,Millets,16.8,11.7,43.4,28-28
26.1,55.6,23.0,Clayey,Sugarcane,9.9,13.5,56.0,28-28
34.8,40.7,47.7,Loamy,Tobacco,18.1,20.7,61.5,28-28
30.9,52.9,43.4,Loamy,Oil seeds,20.7,21.0,61.9,28-28
37.0,51.0,45.9,Sandy,Cotton,18.9,15.9,64.8,28-28
32.3,76.0,44.7,Clayey,Barley,20.0,15.6,47.3,28-28
25.6,56.1,20.6,Loamy,Barley,18.8,8.6,59.9,28-28
30.8,65.8,47.7,Black,Tobacco,9.2,18.2,53.1,28-28
34.1,69.5,65.2,Red,Oil seeds,20.6,8.7,53.3,28-28
19.6,56.0,24.9,Black,Cotton,18.2,21.6,52.1,28-28
34.9,79.5,56.6,Loamy,Cotton,16.6,20.1,39.9,28-28
30.8,45.7,59.7,Black,Oil seeds,11.2,10.2,58.5,28-28
21.7,36.7,61.9,Red,Coffee,18.9,12.6,54.7,28-28
33.7,44.2,56.9,Sandy,Sugarcane,14.4,21.8,52.4,28-28
25.4,72.6,44.7,Black,Ground Nuts,8.3,16.5,59.9,28-28
30.2,77.4,32.5,Black,Pulses,21.1,21.0,41.0,28-28
30.9,62.2,51.7,Black,Oil seeds,20.2,18.4,49.9,28-28
28.2,37.6,42.6,Sandy,Paddy,9.3,8.7,60.7,28-28
29.5,38.6,33.1,Black,Barley,13.1,10.0,36.4,28-28
18.2,33.6,60.3,Red,Coffee,11.9,18.1,39.4,28-28
29.5,87.3,23.7,Sandy,Maize,13.6,8.6,41.0,28-28
19.9,79.7,28.9,Black,Millets,20.1,15.5,61.3,28-28
29.4,31.1,55.6,Black,Oil seeds,18.0,9.6,52.1,28-28
31.6,35.0,51.3,Red,Paddy,11.9,15.1,58.2,28-28
20.4,64.3,68.5,Clayey,Sugarcane,10.2,19.9,56.1,28-28
19.2,31.0,63.9,Red,Pulses,19.3,15.9,65.0,28-28
30.8,80.7,59.2,Black,Maize,9.6,13.3,58.2,28-28
21.1,63.8,50.1,Black,Millets,10.7,10.8,64.7,28-28
28.7,46.8,37.6,Sandy,Cotton,12.8,12.6,42.3,28-28
36.0,47.8,29.3,Loamy,Sugarcane,19.7,18.4,62.9,28-28
20.9,61.4,50.7,Red,Barley,14.7,16.4,40.4,28-28
28.2,71.1,48.5,Sandy,Wheat,19.2,16.8,58.6,28-28
21.9,33.0,65.2,Loamy,Barley,21.2,18.2,56.7,28-28
32.8,47.0,48.7,Red,Coffee,13.8,9.6,44.9,28-28
30.5,30.7,58.2,Sandy,Barley,18.4,19.6,60.2,28-28
24.2,31.2,58.4,Red,Millets,13.6,19.4,56.3,28-28
30.3,43.4,47.8,Sandy,Cotton,19.3,11.6,52.4,28-28
19.6,62.9,41.5,Clayey,Oil seeds,8.2,11.3,43.5,28-28
22.5,58.3,62.6,Black,Tobacco,10.8,21.6,38.8,28-28
21.3,64.0,65.9,Black,Oil seeds,11.6,15.7,40.3,28-28
20.5,58.5,52.8,Loamy,Barley,16.1,10.0,39.8,28-28
35.6,39.4,23.2,Loamy,Barley,11.8,16.5,38.7,28-28
30.5,79.2,31.5,Sandy,Maize,19.4,11.3,55.3,28-28
20.3,71.4,30.9,Loamy,Wheat,10.5,13.0,54.6,28-28
18.2,57.4,41.4,Black,Coffee,11.3,8.8,47.9,28-28
35.2,30.6,68.3,Clayey,Coffee,12.8,21.9,42.6,28-28
30.5,80.9,51.5,Red,Tobacco,11.2,14.6,59.3,28-28
22.7,61.3,27.9,Clayey,Tobacco,15.0,9.3,63.3,28-28
38.0,40.6,54.7,Loamy,Cotton,20.4,16.1,54.2,28-28
31.5,52.9,43.8,Loamy,Paddy,9.4,8.1,36.7,28-28
18.4,39.0,59.1,Loamy,Oil seeds,18.7,19.1,62.6,28-28
28.7,48.4,46.3,Black,Pulses,18.9,18.8,45.6,28-28
36.8,66.3,27.4,Black,Coffee,17.5,9.5,61.2,28-28
29.8,65.7,55.8,Red,Pulses,20.3,9.2,45.1,28-28
36.2,85.4,26.0,Clayey,Barley,9.7,21.1,43.9,28-28
18.7,46.0,54.7,Red,Wheat,14.0,15.2,62.5,28-28
29.2,68.2,38.4,Sandy,Cotton,18.9,10.3,36.5,28-28
33.1,60.0,48.6,Sandy,Pulses,9.8,19.8,58.6,28-28
27.3,85.9,64.0,Sandy,Millets,17.0,13.2,53.5,28-28
35.8,71.6,60.3,Red,Wheat,21.9,9.9,64.0,28-28
34.3,67.7,48.5,Clayey,Maize,17.9,12.5,62.7,28-28
24.4,31.8,33.6,Clayey,Sugarcane,11.1,8.7,49.8,28-28
19.6,45.2,67.7,Red,Barley,9.6,12.3,36.1,28-28
25.3,56.2,27.8,Sandy,Wheat,20.2,21.3,12.7,17-17-17
31.1,37.9,44.7,Loamy,Millets,12.3,12.6,10.1,17-17-17
19.8,52.8,49.9,Clayey,Coffee,15.5,20.6,21.1,17-17-17
36.7,43.8,29.5,Clayey,Wheat,19.1,18.9,17.7,17-17-17
32.3,80.8,33.6,Clayey,Cotton,15.1,24.0,18.7,17-17-17
28.7,31.4,32.7,Black,Cotton,14.7,24.8,14.4,17-17-17
24.1,35.6,32.4,Black,Coffee,14.1,24.7,20.1,17-17-17
34.7,63.6,53.8,Red,Wheat,19.4,20.0,14.0,17-17-17
29.9,32.1,44.1,Loamy,Oil seeds,22.9,17.4,18.3,17-17-17
35.6,56.0,23.1,Sandy,Millets,22.7,20.1,22.7,17-17-17
34.1,82.8,48.6,Red,Coffee,17.2,11.6,22.6,17-17-17
19.2,42.1,47.9,Red,Millets,20.3,12.1,13.7,17-17-17
22.4,83.4,55.8,Loamy,Cotton,21.1,21.9,15.3,17-17-17
37.6,70.5,40.8,Red,Maize,20.7,23.5,11.9,17-17-17
36.4,84.9,44.2,Red,Maize,15.6,14.2,17.5,17-17-17
21.0,54.4,65.6,Sandy,Barley,15.2,21.5,15.8,17-17-17
29.5,37.4,37.6,Clayey,Paddy,18.2,18.0,10.5,17-17-17
23.5,30.9,23.8,Clayey,Millets,18.7,12.1,10.6,17-17-17
30.5,36.5,35.7,Red,Sugarcane,16.3,12.4,17.6,17-17-17
35.8,83.0,43.0,Loamy,Cotton,22.1,15.4,22.9,17-17-17
35.4,86.4,58.2,Sandy,Millets,19.1,15.5,12.7,17-17-17
37.9,57.1,56.2,Sandy,Wheat,17.4,16.5,16.2,17-17-17
21.0,32.4,23.2,Sandy,Paddy,24.1,24.8,11.4,17-17-17
24.1,33.1,38.7,Red,Paddy,20.8,14.9,19.4,17-17-17
35.9,55.1,28.3,Black,Millets,14.8,16.5,20.7,17-17-17
24.3,75.2,53.5,Sandy,Cotton,21.0,22.2,21.7,17-17-17
26.8,87.0,48.5,Loamy,Tobacco,13.0,14.4,20.4,17-17-17
31.8,62.9,41.5,Sandy,Tobacco,22.3,21.9,21.0,17-17-17
33.9,83.3,23.0,Black,Barley,16.0,24.8,19.0,17-17-17
21.5,62.8,42.0,Clayey,Maize,11.9,17.0,12.5,17-17-17
27.4,66.7,41.5,Sandy,Millets,12.1,24.6,11.9,17-17-17
27.2,68.2,37.7,Red,Tobacco,12.9,22.3,15.4,17-17-17
25.3,42.4,46.0,Black,Tobacco,20.0,22.0,13.4,17-17-17
22.6,31.4,37.3,Black,Oil seeds,12.2,18.7,15.8,17-17-17
26.0,42.1,54.0,Red,Paddy,15.5,12.2,15.2,17-17-17
37.7,31.5,54.5,Clayey,Barley,14.0,11.0,10.2,17-17-17
24.3,64.4,37.9,Red,Sugarcane,10.3,11.5,14.4,17-17-17
24.7,33.7,30.1,Loamy,Cotton,16.7,24.3,20.8,17-17-17
23.5,69.7,63.1,Black,Ground Nuts,17.2,16.4,20.8,17-17-17
37.9,54.7,28.8,Loamy,Wheat,17.1,13.5,18.4,17-17-17
19.8,67.3,27.8,Red,Sugarcane,16.2,19.4,21.7,17-17-17
31.4,38.6,37.3,Black,Ground Nuts,10.6,20.8,24.3,17-17-17
19.8,57.6,62.8,Sandy,Barley,18.3,10.7,24.6,17-17-17
18.8,62.1,26.6,Black,Tobacco,15.1,17.7,23.6,17-17-17
31.4,30.8,51.5,Loamy,Wheat,18.3,22.2,18.0,17-17-17
22.9,34.9,46.7,Black,Barley,23.3,17.7,21.1,17-17-17
27.0,48.8,25.5,Loamy,Wheat,16.3,21.5,15.9,17-17-17
31.9,39.3,31.9,Sandy,Paddy,20.4,21.7,13.6,17-17-17
24.1,64.7,28.6,Sandy,Millets,11.6,20.2,21.7,17-17-17
25.3,55.1,39.4,Red,Cotton,24.4,21.5,13.1,17-17-17
28.9,65.6,43.4,Black,Sugarcane,22.2,21.5,17.6,17-17-17
33.9,69.0,41.8,Sandy,Oil seeds,13.8,10.9,15.1,17-17-17
31.7,67.5,67.4,Loamy,Barley,11.5,15.0,17.2,17-17-17
36.3,65.3,22.0,Clayey,Tobacco,11.7,21.3,20.7,17-17-17
31.0,71.2,51.8,Sandy,Wheat,24.2,13.1,24.8,17-17-17
32.7,60.1,20.6,Loamy,Pulses,17.8,11.5,19.9,17-17-17
18.2,41.9,58.8,Loamy,Paddy,14.1,17.5,14.7,17-17-17
28.7,70.4,24.2,Sandy,Paddy,10.6,13.9,14.6,17-17-17
29.4,51.7,52.7,Red,Pulses,12.5,11.0,22.8,17-17-17
24.1,51.6,24.1,Red,Cotton,22.9,18.9,11.3,17-17-17
26.9,74.4,20.6,Sandy,Tobacco,10.4,12.6,13.2,17-17-17
32.1,65.7,64.2,Sandy,Maize,13.7,23.6,23.6,17-17-17
19.9,72.1,36.8,Clayey,Pulses,21.9,12.5,18.1,17-17-17
20.0,51.1,24.2,Clayey,Sugarcane,17.0,22.6,14.1,17-17-17
22.8,71.6,27.2,Sandy,Sugarcane,14.9,16.6,12.9,17-17-17
21.1,62.4,53.2,Clayey,Sugarcane,10.9,23.1,12.8,17-17-17
27.4,59.0,26.4,Black,Paddy,22.1,19.3,12.0,17-17-17
36.4,86.2,34.3,Clayey,Ground Nuts,12.0,21.4,23.9,17-17-17
30.7,74.3,27.7,Clayey,Barley,24.6,15.5,19.4,17-17-17
27.4,70.8,69.7,Red,Maize,19.9,21.9,10.4,17-17-17
24.0,37.3,25.7,Clayey,Sugarcane,20.2,25.0,20.0,17-17-17
22.1,60.5,23.3,Red,Wheat,16.0,20.0,24.5,17-17-17
32.9,79.9,30.7,Black,Tobacco,16.1,24.7,12.4,17-17-17
28.9,56.8,65.0,Sandy,Tobacco,23.6,22.3,15.6,17-17-17
21.0,53.3,57.1,Clayey,Barley,22.7,16.9,18.9,17-17-17
34.3,68.1,60.8,Sandy,Oil seeds,18.6,10.1,10.6,17-17-17
20.9,53.5,66.7,Loamy,Barley,12.9,22.7,22.3,17-17-17
23.6,48.3,65.1,Black,Millets,13.5,18.2,20.6,17-17-17
36.8,68.6,22.4,Red,Maize,12.0,12.9,13.7,17-17-17
19.8,50.3,65.6,Loamy,Cotton,18.4,14.0,24.4,17-17-17
36.1,72.1,57.0,Black,Millets,21.5,17.6,22.2,17-17-17
33.2,67.8,45.4,Clayey,Tobacco,12.2,14.9,12.1,17-17-17
23.6,59.1,49.4,Clayey,Barley,19.5,20.7,19.8,17-17-17
23.9,67.2,22.6,Black,Sugarcane,17.2,14.0,15.7,17-17-17
19.2,57.1,69.7,Red,Coffee,14.5,21.0,18.2,17-17-17
19.2,30.7,55.0,Red,Millets,14.2,15.0,18.2,17-17-17
24.5,66.7,61.7,Red,Maize,12.6,24.0,18.0,17-17-17
22.2,65.1,40.2,Black,Ground Nuts,21.6,19.1,17.4,17-17-17
25.5,42.8,50.4,Black,Wheat,19.4,16.6,17.3,17-17-17
32.7,36.4,30.6,Sandy,Coffee,24.6,20.9,23.7,17-17-17
32.8,71.4,34.7,Sandy,Barley,18.3,19.4,17.2,17-17-17
18.6,33.8,39.2,Loamy,Millets,21.2,23.7,10.4,17-17-17
20.8,70.1,36.8,Black,Sugarcane,13.9,24.3,21.7,17-17-17
34.8,74.0,49.9,Clayey,Cotton,24.4,12.9,24.2,17-17-17
28.6,37.1,47.0,Red,Sugarcane,19.2,25.0,24.6,17-17-17
35.8,47.6,53.0,Black,Paddy,14.2,21.4,11.8,17-17-17
34.0,40.2,56.1,Black,Wheat,19.3,11.4,11.7,17-17-17
32.5,38.2,43.4,Black,Paddy,15.4,18.3,20.6,17-17-17
27.3,53.1,63.1,Red,Barley,15.0,13.9,21.1,17-17-17
34.9,49.0,55.1,Sandy,Pulses,10.7,15.8,15.1,17-17-17
19.4,78.5,24.6,Sandy,Oil seeds,10.8,15.4,24.3,17-17-17
22.0,38.6,37.6,Sandy,Cotton,15.1,21.4,16.7,17-17-17
18.2,46.7,21.5,Clayey,Cotton,11.4,13.3,17.6,17-17-17
30.3,83.8,45.0,Red,Ground Nuts,23.3,16.8,14.2,17-17-17
27.4,73.8,66.3,Clayey,Oil seeds,21.2,14.6,18.4,17-17-17
31.6,57.0,26.1,Black,Paddy,10.9,24.3,19.2,17-17-17
22.3,43.0,33.8,Red,Oil seeds,18.8,19.9,10.3,17-17-17
24.3,45.5,67.5,Clayey,Maize,12.8,20.6,10.6,17-17-17
24.8,76.1,59.5,Sandy,Ground Nuts,24.3,23.8,11.2,17-17-17
27.0,80.2,24.5,Black,Millets,22.3,12.4,15.0,17-17-17
35.7,67.7,27.2,Black,Ground Nuts,24.0,24.8,16.5,17-17-17
33.5,72.7,68.4,Loamy,Coffee,11.7,18.7,20.4,17-17-17
23.1,46.0,52.3,Loamy,Sugarcane,10.8,11.2,12.8,17-17-17
37.7,44.9,22.8,Loamy,Tobacco,22.2,19.3,24.4,17-17-17
26.5,54.6,28.1,Red,Ground Nuts,13.9,23.9,12.1,17-17-17
28.1,56.5,28.7,Sandy,Millets,19.9,16.9,15.6,17-17-17
30.9,81.6,46.8,Sandy,Pulses,14.2,23.2,18.1,17-17-17
32.5,30.9,27.6,Sandy,Maize,13.7,21.6,11.0,17-17-17
30.9,80.4,58.8,Clayey,Ground Nuts,19.5,24.7,20.3,17-17-17
20.8,56.2,39.2,Black,Wheat,21.7,12.4,24.6,17-17-17
26.6,45.9,49.0,Loamy,Wheat,10.9,12.2,21.2,17-17-17
33.9,35.4,41.9,Loamy,Tobacco,10.3,15.2,20.5,17-17-17
35.8,82.8,25.2,Red,Cotton,24.9,14.5,11.3,17-17-17
22.2,74.8,28.8,Clayey,Sugarcane,13.8,11.5,14.0,17-17-17
27.3,58.9,47.1,Loamy,Pulses,14.5,20.0,19.7,17-17-17
20.3,57.7,37.8,Black,Coffee,17.4,23.8,17.2,17-17-17
26.8,77.6,59.0,Sandy,Pulses,17.7,13.7,17.0,17-17-17
32.7,70.0,47.2,Sandy,Barley,18.5,11.6,16.5,17-17-17
27.1,33.9,54.1,Black,Cotton,10.7,13.8,15.3,17-17-17
27.9,31.7,50.8,Loamy,Maize,16.2,23.8,17.5,17-17-17
22.4,74.1,56.0,Red,Sugarcane,23.6,10.5,16.7,17-17-17
26.2,84.6,41.8,Sandy,Tobacco,24.8,10.9,20.8,17-17-17
27.2,40.9,49.2,Loamy,Pulses,17.3,17.8,12.0,17-17-17
35.6,49.9,62.8,Loamy,Sugarcane,20.5,21.5,14.7,17-17-17
36.4,52.4,69.4,Clayey,Ground Nuts,21.4,11.2,19.9,17-17-17
22.9,44.9,65.8,Black,Oil seeds,17.5,20.0,14.2,17-17-17
25.0,48.6,32.3,Black,Coffee,16.1,19.9,13.3,17-17-17
19.9,52.6,20.8,Clayey,Wheat,23.5,17.9,22.7,17-17-17
30.9,79.1,39.5,Clayey,Coffee,18.3,21.6,11.3,17-17-17
21.1,80.1,35.6,Black,Cotton,14.9,11.1,23.3,17-17-17
25.6,34.5,20.6,Red,Maize,14.3,10.1,13.5,17-17-17
21.3,72.8,65.8,Black,Sugarcane,11.6,12.9,24.8,17-17-17
30.4,37.5,20.1,Black,Tobacco,24.0,18.3,23.9,17-17-17
19.0,73.0,38.2,Clayey,Wheat,13.4,24.2,21.6,17-17-17
23.1,78.5,50.4,Black,Cotton,24.7,24.2,24.6,17-17-17
18.2,73.0,33.6,Clayey,Barley,20.6,24.7,10.6,17-17-17
32.7,44.7,31.3,Sandy,Wheat,10.9,11.4,19.9,17-17-17
19.0,40.9,23.3,Clayey,Millets,12.8,16.2,11.8,17-17-17
24.8,57.1,41.5,Loamy,Millets,19.7,24.1,11.6,17-17-17
35.1,59.4,58.3,Clayey,Coffee,13.2,22.4,23.9,17-17-17
20.1,81.9,59.6,Clayey,Tobacco,21.3,10.6,22.0,17-17-17
22.4,63.5,33.2,Loamy,Oil seeds,19.9,19.1,11.6,17-17-17
33.4,55.1,66.3,Red,Tobacco,17.5,15.2,24.6,17-17-17
37.6,66.2,45.0,Clayey,Barley,15.8,18.1,15.7,17-17-17
27.3,46.0,29.0,Loamy,Paddy,18.3,22.6,12.3,17-17-17
34.8,71.7,64.8,Loamy,Maize,12.3,15.8,17.0,17-17-17
32.5,82.9,40.6,Black,Millets,24.1,17.8,17.8,17-17-17
36.2,81.2,68.5,Clayey,Pulses,20.7,20.2,18.4,17-17-17
21.8,46.8,64.5,Loamy,Wheat,12.6,23.8,17.8,17-17-17
31.4,78.5,29.2,Loamy,Maize,19.2,10.8,11.5,17-17-17
29.9,42.8,35.2,Sandy,Barley,11.9,13.7,22.3,17-17-17
33.8,72.8,65.1,Sandy,Maize,13.5,16.8,12.8,17-17-17
31.8,55.8,36.8,Clayey,Ground Nuts,17.0,23.4,15.8,17-17-17
36.4,75.1,60.6,Loamy,Tobacco,18.6,12.9,20.2,17-17-17
37.7,61.4,33.6,Clayey,Wheat,20.3,24.7,12.7,17-17-17
21.4,31.3,36.8,Black,Sugarcane,23.0,10.7,16.4,17-17-17
28.5,33.1,47.5,Black,Paddy,20.8,11.8,20.4,17-17-17
28.7,49.5,36.6,Loamy,Ground Nuts,23.5,16.8,16.1,17-17-17
25.3,79.3,58.0,Sandy,Pulses,13.3,16.2,12.9,17-17-17
30.0,73.8,55.7,Red,Sugarcane,23.1,24.2,10.5,17-17-17
34.7,72.7,59.7,Red,Coffee,13.3,19.7,10.4,17-17-17
31.2,59.7,56.3,Sandy,Pulses,14.9,19.4,20.8,17-17-17
27.3,38.5,37.9,Sandy,Coffee,22.9,10.6,12.3,17-17-17
29.1,69.6,46.2,Sandy,Tobacco,20.4,10.7,15.5,17-17-17
20.0,43.6,29.6,Red,Pulses,24.6,14.3,13.5,17-17-17
26.3,48.9,34.3,Clayey,Paddy,23.2,12.4,12.7,17-17-17
33.4,66.8,31.9,Red,Maize,23.1,21.0,21.1,17-17-17
37.0,38.8,44.9,Loamy,Ground Nuts,18.7,14.9,22.6,17-17-17
26.3,46.3,51.2,Clayey,Millets,15.4,22.5,24.4,17-17-17
21.3,30.8,41.9,Clayey,Ground Nuts,20.9,24.7,21.8,17-17-17
18.5,77.9,28.9,Black,Millets,10.8,22.8,18.5,17-17-17
18.5,43.0,67.3,Red,Cotton,10.2,18.2,11.1,17-17-17
19.8,79.9,49.6,Clayey,Maize,23.5,20.3,24.6,17-17-17
30.8,63.4,44.2,Clayey,Maize,22.7,19.7,22.0,17-17-17
22.0,63.8,53.9,Clayey,Millets,25.0,10.5,11.4,17-17-17
26.0,77.7,62.2,Clayey,Maize,21.1,23.5,14.8,17-17-17
23.9,63.7,63.8,Loamy,Wheat,11.8,16.2,14.1,17-17-17
33.5,48.0,22.0,Sandy,Coffee,21.1,15.0,20.8,17-17-17
28.7,75.1,49.1,Black,Millets,14.3,21.0,18.8,17-17-17
35.4,81.2,42.2,Red,Sugarcane,17.6,16.2,16.7,17-17-17
20.5,65.4,69.8,Sandy,Millets,18.9,21.8,21.5,17-17-17
25.4,72.0,45.0,Loamy,Coffee,18.6,20.7,21.7,17-17-17
23.8,59.4,37.1,Sandy,Millets,18.5,10.8,17.6,17-17-17
28.7,54.5,34.2,Clayey,Ground Nuts,23.6,12.8,20.2,17-17-17
28.8,80.8,26.2,Red,Coffee,17.4,16.9,10.1,17-17-17
31.4,84.4,24.3,Loamy,Tobacco,14.9,16.7,16.8,17-17-17
26.9,31.6,55.5,Loamy,Oil seeds,23.3,17.7,18.7,17-17-17
25.7,40.9,31.1,Loamy,Millets,22.0,23.4,17.4,17-17-17
34.2,69.0,22.0,Loamy,Oil seeds,15.3,20.2,18.6,17-17-17
35.3,33.5,56.3,Sandy,Paddy,15.0,20.2,19.3,17-17-17
23.6,81.3,40.0,Red,Pulses,16.0,16.1,11.5,17-17-17
18.6,55.9,47.2,Loamy,Ground Nuts,22.0,20.9,24.5,17-17-17
24.0,67.2,53.6,Loamy,Ground Nuts,25.0,12.1,12.9,17-17-17
29.8,37.8,52.8,Clayey,Tobacco,22.1,16.5,18.4,17-17-17
29.4,42.1,37.2,Sandy,Millets,17.9,12.3,19.2,17-17-17
26.7,66.6,39.3,Red,Ground Nuts,15.4,10.0,22.1,17-17-17
20.4,48.0,41.7,Loamy,Oil seeds,13.8,13.3,10.1,17-17-17
18.2,42.8,53.3,Red,Paddy,23.4,20.3,16.2,17-17-17
32.8,65.2,34.6,Red,Tobacco,23.9,18.3,21.9,17-17-17
35.5,32.9,45.6,Red,Sugarcane,17.2,21.3,14.2,17-17-17
36.5,63.2,25.2,Black,Pulses,12.9,25.0,12.9,17-17-17
35.7,73.8,49.8,Loamy,Sugarcane,10.2,23.2,16.7,17-17-17
31.9,34.0,57.3,Clayey,Coffee,15.1,15.3,11.8,17-17-17
27.6,45.2,26.9,Loamy,Paddy,17.3,20.8,24.5,17-17-17
22.1,71.7,34.5,Clayey,Paddy,20.3,20.0,14.1,17-17-17
25.0,43.1,55.9,Loamy,Sugarcane,17.4,21.3,17.7,17-17-17
32.3,48.5,36.7,Black,Millets,21.1,13.8,23.5,17-17-17
28.8,45.4,61.8,Clayey,Millets,18.6,12.3,13.1,17-17-17
33.6,84.5,53.2,Black,Ground Nuts,17.6,13.8,20.1,17-17-17
31.8,64.7,22.6,Black,Tobacco,11.2,10.3,15.6,17-17-17
30.1,46.8,59.8,Sandy,Paddy,22.0,21.6,17.9,17-17-17
21.7,46.8,29.2,Black,Cotton,20.1,20.3,19.8,17-17-17
36.2,59.4,40.3,Sandy,Wheat,18.8,12.9,12.0,17-17-17
22.5,44.2,64.6,Sandy,Ground Nuts,18.0,17.3,20.3,17-17-17
20.2,78.3,49.2,Sandy,Ground Nuts,12.2,14.5,17.2,17-17-17
22.9,61.0,54.2,Black,Pulses,16.7,22.9,23.0,17-17-17
33.6,58.4,64.2,Red,Wheat,18.9,13.6,18.5,17-17-17
22.2,67.9,26.8,Loamy,Cotton,14.4,15.0,10.0,17-17-17
37.1,79.0,33.0,Loamy,Tobacco,19.2,23.8,11.4,17-17-17
27.1,53.8,61.8,Loamy,Barley,15.7,11.0,11.0,17-17-17
36.9,51.7,69.1,Clayey,Oil seeds,10.5,19.9,14.0,17-17-17
27.3,49.5,51.0,Loamy,Millets,24.7,16.4,15.9,17-17-17
24.6,37.0,43.3,Red,Paddy,10.1,16.0,11.6,17-17-17
28.0,68.2,43.3,Clayey,Wheat,20.3,14.9,16.2,17-17-17
37.3,40.0,32.1,Clayey,Tobacco,17.0,22.0,21.0,17-17-17
26.7,52.8,45.0,Sandy,Oil seeds,17.9,20.4,20.7,17-17-17
27.1,81.6,54.8,Sandy,Coffee,23.5,20.6,24.6,17-17-17
25.2,49.1,24.6,Sandy,Tobacco,18.8,18.8,17.4,17-17-17
25.4,48.6,41.3,Red,Coffee,15.1,20.1,14.4,17-17-17
26.7,30.2,44.6,Loamy,Sugarcane,13.8,10.8,23.7,17-17-17
34.5,39.7,62.5,Loamy,Wheat,13.6,18.8,20.3,17-17-17
19.9,66.0,33.8,Loamy,Cotton,10.3,18.3,18.7,17-17-17
36.0,56.1,58.8,Sandy,Tobacco,12.5,12.3,17.9,17-17-17
30.6,73.2,34.7,Loamy,Cotton,19.3,12.8,13.3,17-17-17
32.9,59.4,31.9,Red,Oil seeds,18.3,15.3,22.6,17-17-17
27.8,41.4,69.8,Sandy,Paddy,23.5,14.4,18.1,17-17-17
33.5,84.0,37.9,Black,Wheat,22.1,17.5,15.9,17-17-17
28.2,57.1,53.6,Red,Oil seeds,13.9,14.9,24.0,17-17-17
34.5,45.7,47.2,Clayey,Wheat,24.6,14.8,12.4,17-17-17
25.8,39.3,64.4,Black,Wheat,24.9,18.5,21.6,17-17-17
32.0,32.6,27.9,Red,Tobacco,11.1,10.1,14.6,17-17-17
22.8,33.7,46.5,Loamy,Pulses,14.1,21.9,10.1,17-17-17
29.8,36.8,50.0,Loamy,Millets,16.1,23.5,23.7,17-17-17
32.1,36.7,24.2,Black,Pulses,22.6,16.4,16.8,17-17-17
30.4,40.4,30.6,Clayey,Oil seeds,10.1,20.7,17.3,17-17-17
32.3,36.0,28.1,Clayey,Ground Nuts,17.5,23.9,13.7,17-17-17
33.0,63.4,62.5,Sandy,Sugarcane,12.3,10.2,20.4,17-17-17
35.9,40.8,26.2,Clayey,Oil seeds,17.6,14.1,19.1,17-17-17
20.9,72.9,60.2,Sandy,Cotton,24.4,15.9,15.1,17-17-17
21.6,48.6,69.1,Red,Cotton,11.4,13.9,11.3,17-17-17
28.2,55.4,28.7,Sandy,Sugarcane,12.6,19.4,15.8,17-17-17
36.4,53.5,49.6,Black,Wheat,23.3,16.0,22.3,17-17-17
21.5,81.8,26.0,Clayey,Ground Nuts,14.1,22.1,23.5,17-17-17
20.1,60.3,48.6,Loamy,Maize,14.2,24.9,15.0,17-17-17
25.6,70.2,31.6,Black,Tobacco,21.5,12.0,16.6,17-17-17
20.7,64.7,59.9,Black,Maize,18.9,17.7,22.6,17-17-17
21.9,70.0,65.1,Black,Barley,12.5,11.3,21.1,17-17-17
30.5,70.4,36.1,Clayey,Millets,22.2,18.2,23.0,17-17-17
35.4,31.2,32.2,Black,Maize,11.4,16.6,23.3,17-17-17
35.0,49.0,37.0,Red,Pulses,23.4,16.4,21.8,17-17-17
31.7,76.8,29.6,Clayey,Coffee,22.7,10.9,10.1,17-17-17
37.6,60.4,22.3,Sandy,Cotton,25.0,21.2,22.6,17-17-17
28.3,74.8,51.9,Black,Barley,19.5,21.4,13.4,17-17-17
25.8,34.0,30.1,Loamy,Cotton,21.9,23.4,14.2,17-17-17
22.8,49.0,36.0,Loamy,Maize,14.9,20.1,18.0,17-17-17
18.4,42.7,25.4,Red,Oil seeds,21.8,11.7,20.9,17-17-17
19.5,77.1,49.0,Sandy,Oil seeds,13.5,23.4,10.7,17-17-17
32.2,46.8,23.1,Sandy,Barley,22.9,14.7,12.9,17-17-17
36.2,32.5,58.3,Sandy,Ground Nuts,18.6,16.4,21.2,17-17-17
22.6,38.3,65.6,Clayey,Pulses,20.0,16.6,18.6,17-17-17
20.3,85.1,36.9,Loamy,Millets,20.7,18.6,11.6,17-17-17
21.1,57.2,54.5,Black,Ground Nuts,22.0,17.4,12.5,17-17-17
23.7,64.8,68.3,Red,Ground Nuts,21.9,15.0,17.1,17-17-17
25.4,62.7,67.2,Loamy,Wheat,24.2,11.1,19.2,17-17-17
29.9,84.9,29.6,Black,Pulses,23.6,10.8,14.6,17-17-17
30.5,37.6,64.1,Loamy,Oil seeds,22.4,19.8,16.9,17-17-17
34.6,59.0,55.1,Black,Ground Nuts,18.5,18.8,15.0,17-17-17
19.6,50.7,54.8,Black,Wheat,24.3,24.4,18.3,17-17-17
29.2,60.6,50.8,Red,Paddy,24.1,24.3,22.5,17-17-17
24.7,58.3,65.3,Sandy,Pulses,17.8,24.7,24.8,17-17-17
38.0,79.3,52.8,Clayey,Tobacco,22.7,11.2,19.5,17-17-17
35.9,67.1,32.2,Loamy,Maize,15.8,24.6,22.9,17-17-17
37.6,51.4,54.8,Red,Ground Nuts,20.7,23.7,23.3,17-17-17
28.5,62.2,39.8,Black,Maize,17.0,13.1,19.1,17-17-17
37.6,33.3,49.5,Clayey,Maize,18.8,10.5,13.4,17-17-17
26.7,54.1,64.4,Black,Sugarcane,15.5,22.9,14.6,17-17-17
20.9,77.9,56.8,Loamy,Millets,18.0,10.4,17.2,17-17-17
26.3,79.7,58.5,Clayey,Millets,13.6,24.8,23.5,17-17-17
27.8,38.5,63.4,Black,Cotton,14.3,21.7,20.1,17-17-17
30.1,35.2,35.5,Black,Wheat,16.4,16.2,21.7,17-17-17
26.8,75.5,68.8,Black,Sugarcane,13.6,22.9,19.3,17-17-17
31.1,40.8,61.2,Red,Coffee,12.7,15.8,13.6,17-17-17
35.2,51.6,35.4,Sandy,Wheat,21.6,23.2,19.4,17-17-17
23.7,76.0,66.9,Red,Coffee,21.7,19.1,13.6,17-17-17
20.4,30.2,65.9,Clayey,Cotton,14.6,13.3,20.5,17-17-17
30.6,44.8,63.1,Sandy,Tobacco,17.7,15.7,19.1,17-17-17
29.9,83.4,51.4,Loamy,Pulses,23.2,18.8,14.9,17-17-17
19.7,43.4,58.3,Black,Pulses,19.9,12.5,16.6,17-17-17
20.2,67.9,50.4,Red,Paddy,17.1,14.2,16.1,17-17-17
33.2,72.9,57.5,Loamy,Cotton,12.2,11.5,22.9,17-17-17
31.6,65.1,38.3,Red,Coffee,13.4,20.0,23.7,17-17-17
24.1,45.7,21.2,Black,Millets,17.8,24.8,22.2,17-17-17
32.3,51.4,30.8,Red,Cotton,18.1,22.5,14.9,17-17-17
25.7,37.9,37.8,Clayey,Wheat,23.3,21.3,14.2,17-17-17
30.3,54.1,45.2,Sandy,Ground Nuts,20.5,17.0,12.9,17-17-17
33.2,64.5,50.5,Black,Tobacco,13.3,19.8,21.5,17-17-17
18.0,49.8,60.7,Clayey,Ground Nuts,15.8,18.5,13.1,17-17-17
26.8,33.7,63.7,Loamy,Tobacco,18.5,15.8,11.7,17-17-17
28.6,46.4,37.5,Loamy,Cotton,14.1,19.0,23.9,17-17-17
27.2,77.9,41.2,Loamy,Oil seeds,13.8,24.8,14.6,17-17-17
37.8,37.8,58.0,Loamy,Oil seeds,24.0,17.7,10.0,17-17-17
20.2,54.1,59.5,Black,Wheat,16.6,16.5,18.4,17-17-17
24.2,77.7,48.3,Red,Barley,14.5,14.4,15.4,17-17-17
21.6,67.7,62.3,Sandy,Pulses,14.7,18.7,21.0,17-17-17
19.3,43.3,64.2,Red,Millets,22.4,11.3,13.4,17-17-17
27.7,74.1,30.6,Black,Paddy,24.3,21.8,13.0,17-17-17
32.1,54.2,31.2,Red,Oil seeds,20.9,19.1,17.5,17-17-17
20.7,51.0,43.2,Black,Ground Nuts,16.4,16.5,16.7,17-17-17
29.0,83.7,46.8,Loamy,Coffee,17.7,10.6,11.0,17-17-17
19.9,67.9,36.7,Red,Oil seeds,15.8,18.6,17.2,17-17-17
24.2,65.9,45.3,Red,Coffee,14.8,13.1,21.6,17-17-17
22.3,45.2,32.0,Loamy,Tobacco,23.3,21.6,11.1,17-17-17
18.7,44.7,65.9,Loamy,Tobacco,23.0,21.7,16.9,17-17-17
26.9,60.4,26.4,Clayey,Pulses,15.4,11.0,24.7,17-17-17
18.8,65.1,54.4,Black,Paddy,10.3,22.7,23.9,17-17-17
31.3,63.7,62.2,Red,Sugarcane,14.3,21.9,14.7,17-17-17
35.2,58.1,61.9,Loamy,Coffee,14.8,15.1,21.3,17-17-17
22.6,86.4,24.2,Red,Coffee,11.0,18.9,20.8,17-17-17
18.5,65.0,34.5,Clayey,Coffee,16.5,17.3,11.0,17-17-17
26.5,71.3,52.3,Black,Maize,12.8,13.1,13.8,17-17-17
31.1,87.7,52.6,Clayey,Oil seeds,19.1,16.1,14.7,17-17-17
37.5,65.5,28.6,Red,Oil seeds,24.9,17.9,22.6,17-17-17
36.3,60.9,34.4,Black,Millets,11.9,14.4,15.3,17-17-17
26.5,68.5,23.5,Red,Coffee,15.0,10.3,21.2,17-17-17
19.3,86.0,21.1,Black,Millets,18.8,21.6,21.8,17-17-17
36.1,83.3,48.1,Black,Millets,17.2,10.7,18.4,17-17-17
33.5,53.4,54.2,Clayey,Paddy,11.5,12.0,12.1,17-17-17
29.8,47.1,65.3,Loamy,Tobacco,16.6,14.4,18.8,17-17-17
32.2,39.4,20.7,Red,Tobacco,18.9,24.1,19.1,17-17-17
31.5,58.9,55.9,Red,Sugarcane,22.4,13.4,15.0,17-17-17
21.1,74.3,23.5,Black,Millets,17.2,21.1,12.9,17-17-17
21.3,76.4,43.4,Black,Tobacco,20.3,23.8,16.1,17-17-17
21.2,66.6,66.2,Red,Millets,20.1,12.9,12.3,17-17-17
25.8,39.2,59.9,Clayey,Cotton,15.4,24.0,22.6,17-17-17
20.4,47.0,68.9,Sandy,Coffee,16.6,17.1,17.5,17-17-17
30.1,70.2,39.5,Black,Pulses,10.4,24.0,24.2,17-17-17
36.9,77.3,54.2,Black,Coffee,22.7,19.0,12.0,17-17-17
37.4,50.4,63.4,Sandy,Coffee,11.4,15.0,15.3,17-17-17
20.4,41.2,61.9,Clayey,Barley,11.0,14.5,10.2,17-17-17
22.2,71.8,60.6,Black,Oil seeds,12.1,17.3,13.7,17-17-17
32.7,61.2,30.8,Black,Wheat,14.7,24.5,22.7,17-17-17
28.5,69.1,23.7,Sandy,Maize,22.2,19.7,12.6,17-17-17
29.9,33.8,33.3,Black,Wheat,15.9,13.7,13.6,17-17-17
27.6,61.5,33.7,Loamy,Oil seeds,17.8,17.6,14.7,17-17-17
28.9,49.3,67.4,Sandy,Sugarcane,22.7,24.7,20.4,17-17-17
29.3,83.4,34.4,Sandy,Tobacco,12.3,15.3,21.9,17-17-17
30.0,37.9,41.8,Clayey,Millets,24.5,12.9,10.5,17-17-17
28.8,85.3,35.6,Black,Barley,14.6,17.2,17.7,17-17-17
30.3,87.8,34.6,Red,Pulses,19.5,10.1,19.1,17-17-17
21.5,74.7,47.8,Loamy,Ground Nuts,14.1,24.1,10.2,17-17-17
27.1,32.1,33.0,Red,Barley,13.2,23.0,19.0,17-17-17
36.0,62.3,54.2,Black,Oil seeds,10.2,22.7,22.2,17-17-17
28.9,82.6,29.1,Sandy,Cotton,15.3,15.0,15.3,17-17-17
29.7,51.9,24.3,Red,Tobacco,17.0,21.3,15.4,17-17-17
34.5,61.4,43.8,Clayey,Millets,19.7,14.9,10.8,17-17-17
37.7,40.6,46.4,Red,Tobacco,10.1,11.8,18.8,17-17-17
36.1,53.6,30.4,Red,Millets,18.2,21.9,10.3,17-17-17
33.5,36.0,65.1,Black,Coffee,14.0,12.6,18.8,17-17-17
33.6,84.2,38.4,Black,Oil seeds,20.3,19.0,17.9,17-17-17
34.3,37.3,44.7,Black,Sugarcane,17.3,15.2,21.8,17-17-17
22.1,30.1,38.6,Black,Barley,14.4,23.0,21.2,17-17-17
32.8,69.2,34.1,Red,Coffee,10.2,11.7,13.7,17-17-17
24.1,86.1,34.1,Clayey,Pulses,18.8,24.9,23.2,17-17-17
37.8,70.7,30.4,Black,Millets,16.1,15.0,15.2,17-17-17
31.1,41.8,65.6,Loamy,Oil seeds,19.8,19.4,23.6,17-17-17
22.4,60.9,31.2,Red,Oil seeds,13.9,19.2,10.6,17-17-17
36.4,52.1,45.8,Clayey,Sugarcane,17.0,23.2,20.3,17-17-17
26.9,54.9,68.0,Loamy,Coffee,12.6,11.3,23.2,17-17-17
35.4,59.6,53.0,Sandy,Cotton,18.5,11.0,18.9,17-17-17
24.5,84.1,35.2,Loamy,Cotton,24.1,13.8,14.7,17-17-17
25.4,85.8,20.7,Sandy,Tobacco,23.4,15.6,12.8,17-17-17
18.5,49.5,22.2,Red,Tobacco,20.4,22.3,23.3,17-17-17
20.7,47.0,59.5,Clayey,Oil seeds,23.3,19.3,15.7,17-17-17
21.6,56.6,45.4,Red,Cotton,11.6,10.5,21.3,17-17-17
37.2,52.3,25.2,Sandy,Ground Nuts,17.0,19.7,10.2,17-17-17
25.9,56.9,35.1,Red,Sugarcane,20.0,24.2,23.7,17-17-17
32.3,31.1,25.3,Loamy,Cotton,15.4,12.3,11.1,17-17-17
29.3,87.6,58.5,Clayey,Cotton,17.8,15.8,18.9,17-17-17
34.7,77.2,23.6,Clayey,Maize,11.3,19.9,13.9,17-17-17
20.9,53.0,25.1,Loamy,Maize,14.2,11.3,24.6,17-17-17
37.4,82.8,42.7,Sandy,Barley,21.7,12.3,11.4,17-17-17
18.6,86.4,53.6,Black,Oil seeds,16.3,12.1,20.8,17-17-17
32.2,54.2,23.3,Clayey,Pulses,14.7,14.7,10.1,17-17-17
30.5,43.9,50.1,Red,Millets,19.7,17.8,17.8,17-17-17
21.0,77.8,35.7,Clayey,Paddy,16.8,16.4,21.6,17-17-17
19.5,41.1,47.6,Red,Tobacco,24.2,11.1,10.6,17-17-17
30.8,53.1,61.3,Clayey,Coffee,11.1,12.9,14.5,17-17-17
33.6,83.7,55.8,Sandy,Barley,24.6,10.8,10.6,17-17-17
34.4,53.0,49.4,Red,Oil seeds,13.9,20.3,14.6,17-17-17
22.3,30.9,33.4,Loamy,Tobacco,12.9,17.6,13.1,17-17-17
35.5,30.1,68.8,Sandy,Millets,15.4,15.1,12.2,17-17-17
19.1,83.3,26.1,Sandy,Barley,19.3,19.3,23.0,17-17-17
29.0,79.1,36.0,Red,Ground Nuts,16.6,17.1,14.2,17-17-17
30.0,63.7,51.8,Red,Pulses,15.3,14.7,19.2,17-17-17
23.1,32.4,23.6,Clayey,Pulses,13.7,10.3,13.7,17-17-17
19.2,55.3,65.7,Clayey,Maize,21.9,14.6,23.9,17-17-17
19.5,87.7,63.5,Loamy,Ground Nuts,17.0,20.0,20.1,17-17-17
22.0,57.2,65.6,Loamy,Millets,10.1,21.7,10.9,17-17-17
30.8,69.8,22.9,Red,Sugarcane,16.3,18.8,11.0,17-17-17
31.3,60.3,28.1,Clayey,Paddy,18.0,23.7,10.2,17-17-17
19.5,30.4,27.5,Red,Pulses,16.3,22.0,14.2,17-17-17
33.9,78.3,62.3,Sandy,Sugarcane,15.1,21.9,13.2,17-17-17
37.3,45.4,36.8,Black,Paddy,14.9,17.2,22.7,17-17-17
34.1,36.7,64.7,Loamy,Coffee,12.8,10.6,12.4,17-17-17
28.2,56.1,55.8,Sandy,Sugarcane,10.8,17.5,15.0,17-17-17
18.7,54.8,60.6,Clayey,Wheat,20.1,10.3,12.7,17-17-17
26.5,64.0,30.8,Sandy,Barley,15.7,18.8,15.8,17-17-17
22.3,80.2,49.3,Loamy,Tobacco,24.2,18.6,11.9,17-17-17
32.5,32.9,55.2,Red,Coffee,16.2,14.6,12.3,17-17-17
34.8,44.8,65.4,Loamy,Ground Nuts,19.6,16.6,24.7,17-17-17
33.4,45.9,68.7,Clayey,Ground Nuts,21.1,19.1,23.8,17-17-17
29.3,33.3,53.2,Sandy,Tobacco,13.6,11.8,16.1,17-17-17
19.8,70.6,56.1,Clayey,Cotton,12.6,10.4,16.1,17-17-17
36.7,50.4,38.3,Clayey,Tobacco,13.1,24.4,16.8,17-17-17
23.1,77.0,21.4,Loamy,Millets,20.4,18.9,12.2,17-17-17
31.0,55.4,24.7,Clayey,Oil seeds,21.1,22.0,20.9,17-17-17
31.8,30.6,35.3,Loamy,Sugarcane,16.0,22.5,15.9,17-17-17
35.3,83.7,36.4,Sandy,Wheat,13.4,17.0,12.7,17-17-17
18.1,37.4,46.9,Red,Tobacco,13.7,11.4,15.4,17-17-17
28.2,86.8,26.2,Loamy,Oil seeds,15.6,24.0,23.2,17-17-17
32.0,35.1,55.6,Clayey,Oil seeds,24.6,18.1,17.5,17-17-17
31.0,31.5,47.4,Black,Paddy,18.9,13.1,13.1,17-17-17
32.2,65.2,62.3,Loamy,Cotton,14.4,23.7,21.2,17-17-17
18.3,48.1,36.9,Red,Cotton,12.5,15.0,18.8,17-17-17
24.6,54.0,41.7,Black,Millets,16.2,17.6,22.2,17-17-17
18.9,38.7,25.3,Sandy,Tobacco,22.4,10.7,20.0,17-17-17
37.8,65.4,50.6,Sandy,Wheat,21.3,13.5,12.5,17-17-17
24.9,37.8,35.7,Sandy,Barley,15.4,24.5,20.5,17-17-17
32.2,85.5,51.2,Clayey,Oil seeds,12.8,13.7,23.6,17-17-17
29.0,39.2,34.1,Clayey,Maize,14.6,13.3,21.9,17-17-17
24.0,67.1,61.5,Red,Coffee,25.0,22.6,18.4,17-17-17
31.6,84.4,30.6,Loamy,Tobacco,13.8,12.2,21.1,17-17-17
19.3,80.7,47.9,Clayey,Pulses,15.0,15.2,14.4,17-17-17
24.7,61.8,58.7,Loamy,Tobacco,20.1,14.4,17.9,17-17-17
19.4,34.5,47.8,Black,Coffee,19.6,13.2,21.2,17-17-17
21.4,73.6,24.2,Red,Pulses,18.5,18.3,15.8,17-17-17
18.3,57.6,24.3,Clayey,Sugarcane,16.4,11.6,24.3,17-17-17
21.1,66.6,20.7,Sandy,Paddy,22.7,20.8,18.0,17-17-17
37.0,69.9,67.6,Loamy,Maize,18.4,24.4,23.4,17-17-17
36.0,48.9,56.6,Clayey,Paddy,21.0,10.3,15.4,17-17-17
22.2,73.0,27.4,Sandy,Tobacco,13.3,16.4,11.1,17-17-17
21.0,85.2,29.6,Loamy,Pulses,22.9,11.7,23.0,17-17-17
27.7,50.8,36.3,Red,Ground Nuts,14.0,18.2,22.1,17-17-17
27.5,34.0,55.1,Red,Pulses,17.8,17.4,14.5,17-17-17
19.8,80.4,38.8,Loamy,Millets,23.2,20.9,11.6,17-17-17
18.6,37.8,51.8,Sandy,Tobacco,19.9,21.2,20.8,17-17-17
28.0,79.3,32.4,Clayey,Sugarcane,12.6,22.7,13.2,17-17-17
24.9,73.4,65.4,Red,Sugarcane,24.7,15.4,15.5,17-17-17
35.2,32.6,48.7,Clayey,Ground Nuts,12.7,24.9,12.1,17-17-17
36.7,79.1,32.3,Sandy,Ground Nuts,18.6,24.3,21.0,17-17-17
33.1,48.7,56.5,Loamy,Barley,13.5,16.4,23.3,17-17-17
26.3,45.5,29.9,Loamy,Paddy,22.6,20.4,11.7,17-17-17
35.7,70.1,53.3,Loamy,Maize,15.5,10.9,22.5,17-17-17
30.0,58.0,29.9,Red,Oil seeds,12.1,11.8,22.9,17-17-17
20.9,74.4,21.7,Clayey,Maize,19.4,18.2,13.1,17-17-17
34.0,52.9,28.0,Black,Maize,12.6,23.8,11.7,17-17-17
28.9,32.3,43.2,Clayey,Maize,22.3,20.9,17.3,17-17-17
20.4,82.8,62.3,Red,Oil seeds,20.6,22.3,18.2,17-17-17
29.2,50.6,48.4,Sandy,Wheat,13.9,16.6,14.2,17-17-17
24.4,79.4,39.1,Red,Paddy,21.2,12.6,16.4,17-17-17
30.3,65.2,30.7,Black,Barley,17.1,22.9,12.6,17-17-17
36.8,53.0,41.7,Loamy,Cotton,21.1,21.7,21.5,17-17-17
30.5,40.7,48.1,Sandy,Oil seeds,12.0,10.3,19.5,17-17-17
21.7,77.3,50.7,Clayey,Millets,11.5,23.4,18.7,17-17-17
23.7,80.6,47.3,Red,Sugarcane,16.3,18.0,20.5,17-17-17
25.2,52.3,48.1,Black,Wheat,23.9,21.2,15.9,17-17-17
28.5,80.5,20.4,Sandy,Wheat,20.7,14.4,13.1,17-17-17
35.9,82.9,23.1,Black,Wheat,17.8,12.3,21.4,17-17-17
23.9,36.8,61.6,Sandy,Tobacco,20.1,10.1,19.4,17-17-17
32.6,72.6,25.3,Loamy,Millets,14.1,11.0,10.1,17-17-17
35.6,43.9,68.5,Black,Sugarcane,19.0,13.6,17.5,17-17-17
25.8,38.9,50.8,Clayey,Barley,18.9,16.6,17.1,17-17-17
29.7,51.7,64.2,Red,Coffee,20.0,13.1,14.8,17-17-17
24.8,39.3,58.3,Red,Ground Nuts,10.9,22.6,24.1,17-17-17
28.7,71.1,30.9,Red,Oil seeds,20.7,23.7,14.0,17-17-17
20.1,45.5,46.8,Sandy,Tobacco,22.5,14.2,19.3,17-17-17
21.6,49.8,31.7,Sandy,Maize,24.4,19.8,14.5,17-17-17
32.8,46.5,38.9,Sandy,Oil seeds,13.0,24.6,17.8,17-17-17
24.9,79.9,22.7,Black,Sugarcane,24.7,23.7,15.4,17-17-17
33.0,82.3,35.4,Sandy,Tobacco,17.0,23.0,21.7,17-17-17
18.9,75.4,30.3,Sandy,Oil seeds,14.3,17.4,16.7,17-17-17
28.9,49.2,28.8,Sandy,Tobacco,21.5,16.0,17.6,17-17-17
36.2,71.0,22.3,Clayey,Millets,22.6,24.8,17.1,17-17-17
23.3,71.7,48.5,Sandy,Ground Nuts,17.0,20.4,16.0,17-17-17
29.0,47.0,69.2,Clayey,Barley,14.4,16.6,11.5,17-17-17
19.0,62.5,57.6,Red,Maize,12.9,15.5,10.2,17-17-17
19.3,51.2,67.8,Sandy,Paddy,15.9,17.9,15.3,17-17-17
27.5,70.1,29.8,Red,Millets,24.7,19.7,15.5,17-17-17
22.3,66.8,21.4,Sandy,Cotton,15.1,21.2,22.1,17-17-17
28.8,60.7,41.1,Sandy,Barley,13.4,20.5,13.8,17-17-17
28.6,80.5,34.5,Red,Maize,22.1,11.7,21.5,17-17-17
21.3,31.1,53.3,Sandy,Cotton,18.8,19.3,13.8,17-17-17
33.2,49.5,51.9,Clayey,Coffee,22.4,23.3,10.1,17-17-17
18.2,43.2,36.6,Sandy,Pulses,10.5,19.1,18.5,17-17-17
27.5,30.8,20.6,Loamy,Millets,19.9,22.7,21.8,17-17-17
27.4,43.6,69.5,Clayey,Wheat,13.9,16.2,20.2,17-17-17
25.3,88.0,58.9,Black,Barley,24.6,20.4,16.1,17-17-17
27.8,54.2,61.4,Red,Cotton,17.0,14.4,21.6,17-17-17
31.4,33.4,46.5,Clayey,Tobacco,10.7,10.4,19.2,17-17-17
20.8,72.0,45.7,Sandy,Coffee,11.7,19.8,19.1,17-17-17
28.4,87.4,45.5,Sandy,Wheat,11.7,17.1,12.7,17-17-17
31.9,57.2,24.9,Loamy,Millets,17.0,11.2,20.2,17-17-17
21.0,60.9,48.4,Sandy,Wheat,23.8,19.4,12.2,17-17-17
32.0,80.1,29.0,Red,Oil seeds,24.3,10.9,24.8,17-17-17
31.2,72.6,23.6,Sandy,Millets,10.6,11.5,11.3,17-17-17
22.3,79.9,42.3,Sandy,Tobacco,20.4,19.8,14.8,17-17-17
29.0,84.0,48.7,Sandy,Ground Nuts,13.7,16.6,15.9,17-17-17
28.2,37.3,62.1,Sandy,Ground Nuts,18.2,22.7,24.3,17-17-17
36.9,76.2,58.9,Clayey,Wheat,11.4,12.7,24.6,17-17-17
21.4,51.0,65.7,Red,Ground Nuts,17.1,23.8,15.0,17-17-17
27.9,65.7,39.6,Clayey,Cotton,15.2,13.3,14.1,17-17-17
19.6,38.0,38.6,Clayey,Tobacco,23.9,15.7,10.9,17-17-17
31.4,64.4,33.9,Black,Barley,20.3,19.5,12.6,17-17-17
28.9,68.2,68.1,Clayey,Maize,16.3,21.5,11.7,17-17-17
33.7,83.2,54.2,Red,Barley,13.6,19.1,24.5,17-17-17
35.7,41.6,32.3,Loamy,Pulses,24.3,12.0,12.9,17-17-17
23.8,83.4,65.8,Red,Maize,15.9,16.5,20.5,17-17-17
26.3,50.2,31.8,Loamy,Cotton,16.9,20.3,21.1,17-17-17
27.1,82.2,24.4,Red,Barley,21.7,22.5,24.1,17-17-17
36.1,62.9,60.0,Red,Cotton,24.7,20.6,18.6,17-17-17
29.3,76.2,41.9,Sandy,Paddy,24.4,14.1,21.2,17-17-17
29.5,70.6,40.9,Sandy,Pulses,14.2,18.2,15.6,17-17-17
34.8,57.6,62.4,Sandy,Oil seeds,17.1,18.4,24.9,17-17-17
25.8,34.1,48.8,Loamy,Maize,24.7,24.6,11.9,17-17-17
34.1,51.4,52.9,Red,Coffee,17.3,13.4,21.4,17-17-17
36.3,64.0,30.5,Black,Coffee,14.3,23.8,16.4,17-17-17
27.2,51.9,31.2,Clayey,Barley,20.3,20.8,14.1,17-17-17
36.4,39.4,35.2,Clayey,Tobacco,22.9,13.0,10.1,17-17-17
25.6,35.0,63.1,Loamy,Coffee,19.3,24.3,10.3,17-17-17
20.1,50.3,28.1,Black,Pulses,14.9,22.3,12.4,17-17-17
38.0,44.5,66.8,Clayey,Wheat,13.9,16.2,23.2,17-17-17
32.4,48.2,21.7,Clayey,Cotton,22.2,11.9,20.8,17-17-17
36.0,65.4,44.9,Sandy,Ground Nuts,20.7,19.1,24.8,17-17-17
36.4,83.1,44.8,Red,Sugarcane,12.0,22.2,18.8,17-17-17
33.6,74.5,24.1,Sandy,Maize,13.5,24.4,17.5,17-17-17
20.6,84.8,26.6,Clayey,Wheat,15.3,14.6,23.0,17-17-17
20.5,30.6,56.1,Loamy,Pulses,20.7,16.3,11.9,17-17-17
25.0,46.9,50.1,Black,Oil seeds,21.6,16.8,19.5,17-17-17
26.2,61.2,33.4,Clayey,Paddy,14.3,10.7,14.3,17-17-17
37.3,66.2,28.7,Loamy,Cotton,11.8,15.6,14.6,17-17-17
26.2,39.0,46.8,Black,Pulses,14.6,17.3,13.4,17-17-17
32.1,58.1,28.2,Sandy,Ground Nuts,23.9,14.9,21.8,17-17-17
24.8,73.0,63.8,Loamy,Barley,15.6,16.1,16.5,17-17-17
26.7,40.3,24.0,Loamy,Sugarcane,15.8,15.8,13.4,17-17-17
26.0,53.8,42.1,Sandy,Cotton,23.0,19.2,10.3,17-17-17
19.1,54.5,42.6,Loamy,Pulses,24.3,17.1,21.2,17-17-17
20.8,73.1,64.0,Red,Paddy,24.2,10.9,21.1,17-17-17
36.9,44.7,57.1,Loamy,Ground Nuts,10.8,19.5,15.3,17-17-17
25.3,60.5,25.9,Black,Coffee,16.3,15.4,12.7,17-17-17
30.7,81.6,65.6,Clayey,Paddy,21.9,12.6,22.3,17-17-17
29.1,49.5,65.5,Loamy,Maize,20.7,17.3,19.6,17-17-17
36.8,32.5,50.7,Clayey,Maize,20.4,11.6,10.7,17-17-17
25.7,36.2,58.1,Red,Sugarcane,22.7,18.8,12.4,17-17-17
34.3,43.8,57.5,Black,Pulses,23.2,19.9,14.9,17-17-17
35.7,71.5,38.2,Clayey,Ground Nuts,21.9,14.7,13.8,17-17-17
37.9,76.7,56.5,Red,Coffee,16.8,14.7,22.8,17-17-17
34.3,58.3,57.7,Clayey,Cotton,23.0,15.9,10.2,17-17-17
36.3,69.9,56.9,Black,Barley,14.9,20.5,19.7,17-17-17
37.4,50.5,36.5,Sandy,Paddy,15.5,11.4,19.4,17-17-17
25.9,56.6,52.3,Black,Pulses,21.4,13.5,24.5,17-17-17
18.1,54.1,41.8,Sandy,Wheat,22.1,14.6,15.0,17-17-17
32.3,66.8,24.1,Sandy,Coffee,11.7,15.7,21.2,17-17-17
18.3,49.1,41.2,Black,Ground Nuts,23.7,17.5,14.0,17-17-17
21.2,83.0,63.9,Red,Coffee,15.7,15.9,16.9,17-17-17
23.2,31.3,27.1,Black,Coffee,16.6,14.2,21.5,17-17-17
35.9,82.7,57.0,Sandy,Pulses,11.6,16.6,12.0,17-17-17
24.7,63.9,59.0,Black,Sugarcane,23.8,21.3,20.1,17-17-17
27.7,48.0,66.5,Black,Wheat,14.2,14.3,13.5,17-17-17
34.3,33.6,32.4,Red,Ground Nuts,23.1,23.5,16.9,17-17-17
37.4,42.4,29.5,Sandy,Ground Nuts,19.9,13.6,24.1,17-17-17
28.1,58.3,28.2,Sandy,Maize,17.4,16.2,23.4,17-17-17
37.5,66.2,27.6,Loamy,Pulses,10.7,18.1,13.5,17-17-17
31.0,62.1,23.9,Clayey,Paddy,17.9,21.9,11.2,17-17-17
29.6,85.1,27.4,Loamy,Barley,24.9,19.7,18.5,17-17-17
22.3,54.9,69.6,Clayey,Ground Nuts,18.6,20.4,20.2,17-17-17
28.6,59.9,21.0,Black,Pulses,14.2,10.8,23.5,17-17-17
37.9,47.5,63.9,Sandy,Maize,19.0,16.8,13.3,17-17-17
36.1,43.6,28.8,Sandy,Oil seeds,20.4,24.7,21.2,17-17-17
26.4,52.3,62.6,Red,Pulses,21.6,18.8,14.1,17-17-17
29.6,77.6,60.7,Sandy,Millets,15.1,24.5,10.3,17-17-17
37.3,49.7,52.4,Clayey,Paddy,25.9,28.7,51.7,20-20
34.3,48.1,31.4,Sandy,Wheat,24.0,27.5,34.7,20-20
20.6,71.5,54.0,Clayey,Wheat,31.9,26.8,50.0,20-20
31.5,46.8,63.5,Black,Tobacco,28.5,23.9,47.8,20-20
37.5,85.2,36.3,Red,Oil seeds,23.9,19.5,36.2,20-20
30.4,68.6,59.1,Clayey,Paddy,20.6,22.3,41.2,20-20
37.7,78.4,44.0,Loamy,Pulses,30.3,22.9,49.6,20-20
21.9,71.5,51.3,Red,Ground Nuts,29.2,19.0,35.3,20-20
32.3,67.9,58.0,Sandy,Barley,20.5,26.2,53.5,20-20
30.2,72.7,36.7,Loamy,Sugarcane,27.8,30.8,30.3,20-20
34.4,68.0,34.0,Sandy,Maize,29.2,24.0,33.0,20-20
28.8,76.9,68.0,Loamy,Millets,30.2,25.4,43.6,20-20
27.3,84.9,56.3,Red,Barley,18.2,19.6,53.1,20-20
27.7,65.8,34.5,Clayey,Coffee,29.1,26.4,47.4,20-20
22.2,85.0,67.3,Clayey,Paddy,29.4,31.1,46.6,20-20
19.8,75.1,48.2,Clayey,Sugarcane,27.4,22.6,40.2,20-20
27.9,87.8,44.5,Red,Paddy,21.1,25.1,31.0,20-20
34.4,72.1,50.5,Loamy,Millets,26.1,32.0,36.9,20-20
24.1,52.2,44.7,Clayey,Maize,18.2,19.2,36.4,20-20
33.4,69.8,48.4,Red,Cotton,23.6,30.2,41.5,20-20
25.1,84.6,32.0,Red,Tobacco,19.3,19.0,42.6,20-20
24.5,70.0,23.1,Clayey,Paddy,30.0,29.4,54.6,20-20
26.0,73.3,26.7,Red,Ground Nuts,22.4,19.7,41.4,20-20
18.5,71.7,21.0,Black,Paddy,31.6,21.1,46.6,20-20
19.2,57.4,45.8,Clayey,Wheat,30.0,28.3,32.0,20-20
24.2,36.8,42.8,Loamy,Maize,31.8,25.2,48.5,20-20
35.0,42.5,57.7,Loamy,Paddy,30.3,20.4,38.7,20-20
32.7,58.8,22.3,Loamy,Cotton,26.1,28.7,36.8,20-20
33.6,80.7,27.8,Black,Maize,29.5,21.6,40.7,20-20
31.8,77.0,54.2,Loamy,Millets,25.6,31.4,49.4,20-20
29.2,53.8,59.7,Loamy,Sugarcane,18.6,23.8,38.0,20-20
32.7,87.8,58.4,Sandy,Oil seeds,23.4,25.8,39.2,20-20
23.0,42.9,47.4,Red,Tobacco,30.7,30.8,31.4,20-20
23.1,35.5,39.4,Sandy,Pulses,26.2,26.1,43.6,20-20
32.1,77.9,37.3,Clayey,Wheat,19.2,22.1,33.4,20-20
32.5,75.8,24.5,Black,Wheat,26.1,27.1,42.9,20-20
35.4,68.9,24.9,Clayey,Wheat,27.3,26.6,41.8,20-20
21.1,44.8,64.6,Clayey,Paddy,31.6,31.3,34.8,20-20
31.9,73.6,69.1,Red,Wheat,18.1,26.9,48.5,20-20
26.3,70.6,54.1,Red,Sugarcane,27.5,25.1,36.9,20-20
37.2,78.4,25.4,Black,Paddy,18.3,25.0,49.4,20-20
36.6,56.6,32.2,Clayey,Tobacco,30.8,24.6,40.2,20-20
31.5,55.2,36.2,Loamy,Millets,28.4,20.8,35.0,20-20
35.3,44.0,29.6,Sandy,Coffee,27.4,26.7,41.2,20-20
33.5,56.2,62.9,Black,Ground Nuts,26.0,26.7,53.4,20-20
24.1,76.2,42.5,Clayey,Cotton,20.3,19.3,41.8,20-20
31.1,57.3,27.2,Clayey,Ground Nuts,25.1,30.7,34.0,20-20
23.9,56.2,46.8,Clayey,Millets,31.9,19.4,43.9,20-20
19.4,66.8,34.3,Sandy,Ground Nuts,19.5,20.5,50.6,20-20
21.9,39.4,30.3,Sandy,Paddy,24.9,21.3,32.4,20-20
28.8,39.1,43.6,Black,Barley,19.0,26.1,38.5,20-20
21.7,50.1,60.3,Red,Sugarcane,20.4,19.5,42.9,20-20
21.4,48.9,35.2,Black,Sugarcane,19.5,25.7,49.1,20-20
29.4,79.1,51.1,Black,Ground Nuts,26.9,21.1,40.4,20-20
18.2,48.2,44.3,Loamy,Wheat,26.4,31.1,36.0,20-20
35.4,84.6,44.4,Red,Cotton,19.6,24.8,32.7,20-20
32.2,44.0,64.3,Clayey,Millets,26.9,31.3,54.5,20-20
20.4,61.7,67.8,Black,Millets,31.9,25.9,34.3,20-20
34.2,50.5,65.0,Red,Maize,29.0,19.0,40.2,20-20
33.7,53.8,54.2,Loamy,Coffee,26.4,31.7,53.4,20-20
29.9,46.3,50.7,Red,Barley,19.2,19.6,43.4,20-20
34.5,40.8,38.0,Clayey,Paddy,25.8,30.1,40.5,20-20
35.6,37.6,59.9,Loamy,Ground Nuts,19.7,23.7,38.1,20-20
25.3,79.9,51.7,Red,Oil seeds,21.0,22.7,51.2,20-20
31.0,50.2,34.7,Clayey,Millets,24.7,21.0,37.1,20-20
34.4,74.8,34.7,Black,Cotton,19.3,20.9,49.3,20-20
23.2,77.5,31.4,Loamy,Barley,27.5,19.2,44.6,20-20
23.8,53.1,62.0,Red,Barley,24.1,21.3,43.7,20-20
26.7,37.7,39.2,Loamy,Paddy,31.4,19.0,40.2,20-20
34.4,37.3,53.6,Loamy,Maize,18.1,19.5,38.8,20-20
34.9,80.1,57.8,Clayey,Paddy,21.4,25.3,34.6,20-20
32.7,35.5,34.8,Red,Cotton,31.0,24.0,53.5,20-20
28.5,46.7,59.5,Clayey,Oil seeds,20.2,21.5,49.6,20-20
31.0,72.5,26.3,Sandy,Ground Nuts,21.9,21.1,39.5,20-20
32.3,68.4,20.3,Red,Oil seeds,20.0,21.1,36.8,20-20
26.2,34.4,57.5,Black,Cotton,29.0,26.0,32.2,20-20
22.0,70.9,62.1,Black,Paddy,25.6,22.5,42.0,20-20
34.5,81.8,22.4,Clayey,Cotton,20.6,22.1,33.4,20-20
34.0,85.2,64.5,Black,Pulses,24.4,26.9,35.8,20-20
35.4,31.7,46.6,Sandy,Millets,30.2,19.7,54.6,20-20
35.7,50.5,26.6,Black,Ground Nuts,20.2,27.8,51.8,20-20
36.6,78.9,20.5,Sandy,Paddy,27.4,22.3,41.4,20-20
29.5,35.0,37.9,Red,Cotton,23.8,29.7,42.8,20-20
27.3,82.3,31.2,Sandy,Coffee,18.4,24.1,47.6,20-20
21.4,78.6,63.8,Clayey,Sugarcane,25.6,21.4,32.4,20-20
33.8,71.9,38.0,Black,Coffee,19.7,21.0,51.6,20-20
19.5,61.1,52.4,Clayey,Paddy,27.9,27.0,49.3,20-20
21.6,41.9,20.6,Loamy,Sugarcane,22.9,19.3,38.0,20-20
25.3,32.8,52.7,Clayey,Tobacco,27.9,31.0,38.4,20-20
32.5,71.0,66.9,Red,Wheat,20.9,27.9,31.7,20-20
35.4,63.3,31.1,Red,Tobacco,23.6,31.7,45.2,20-20
24.4,76.0,38.0,Red,Paddy,22.5,31.2,31.0,20-20
27.7,84.8,39.7,Clayey,Paddy,27.9,19.0,53.2,20-20
30.5,82.1,28.4,Red,Ground Nuts,26.8,28.8,36.8,20-20
34.6,48.1,54.1,Black,Ground Nuts,22.3,28.3,41.6,20-20
26.3,39.4,28.9,Red,Coffee,19.1,26.7,51.2,20-20
27.5,49.8,25.3,Black,Oil seeds,28.7,30.9,35.4,20-20
25.1,72.3,50.6,Sandy,Pulses,19.1,26.9,41.9,20-20
23.8,72.1,56.5,Black,Cotton,21.1,30.6,42.3,20-20
20.9,45.0,49.3,Black,Wheat,22.5,25.0,39.4,20-20
27.7,30.3,52.5,Loamy,Millets,23.9,22.8,32.4,20-20
22.5,84.3,41.6,Black,Cotton,18.6,19.9,32.0,20-20
29.9,73.8,34.9,Loamy,Sugarcane,31.1,31.5,51.7,20-20
33.9,68.4,40.5,Black,Oil seeds,25.1,31.5,46.5,20-20
27.7,82.7,36.1,Sandy,Cotton,31.5,19.4,52.6,20-20
35.6,44.6,21.1,Clayey,Pulses,19.9,27.2,54.4,20-20
27.2,40.5,57.3,Loamy,Pulses,19.7,21.4,34.9,20-20
28.2,33.4,48.2,Clayey,Cotton,29.2,19.9,31.8,20-20
29.8,61.4,32.5,Sandy,Wheat,22.7,31.5,36.0,20-20
29.6,37.2,43.4,Black,Cotton,31.3,23.9,51.6,20-20
19.6,31.2,58.5,Red,Maize,25.7,27.8,39.6,20-20
19.9,46.2,36.1,Loamy,Millets,31.6,27.4,40.7,20-20
21.1,57.6,52.4,Black,Coffee,18.8,28.0,32.5,20-20
29.0,35.6,47.9,Sandy,Millets,18.9,18.2,52.2,20-20
28.9,46.2,47.1,Sandy,Wheat,20.4,28.4,50.6,20-20
26.4,53.0,54.5,Black,Millets,28.4,25.1,54.2,20-20
26.2,77.6,47.2,Black,Cotton,25.2,18.8,44.3,20-20
33.5,67.6,29.9,Red,Coffee,23.6,19.0,41.3,20-20
30.8,39.0,33.4,Red,Barley,18.9,20.6,42.2,20-20
22.1,38.5,52.8,Clayey,Tobacco,25.8,29.8,34.6,20-20
29.6,45.4,33.7,Clayey,Tobacco,23.5,24.4,32.1,20-20
20.4,58.0,39.1,Black,Maize,25.2,30.4,54.7,20-20
19.7,79.2,47.4,Loamy,Cotton,30.9,30.8,53.0,20-20
20.4,87.3,44.4,Loamy,Coffee,21.3,28.8,36.6,20-20
33.8,67.9,29.0,Loamy,Pulses,25.5,28.5,52.4,20-20
21.1,58.3,43.9,Loamy,Sugarcane,30.6,18.0,48.5,20-20
36.4,56.5,52.9,Black,Maize,31.6,28.4,31.7,20-20
32.0,79.5,67.9,Loamy,Ground Nuts,24.9,25.9,40.4,20-20
26.5,75.9,60.2,Sandy,Coffee,30.5,18.7,43.2,20-20
31.2,87.8,63.4,Clayey,Millets,23.8,22.6,44.9,20-20
19.3,67.8,68.5,Sandy,Millets,29.6,31.6,51.1,20-20
29.5,60.1,40.3,Black,Wheat,29.5,20.5,31.4,20-20
26.7,43.1,37.5,Black,Cotton,27.1,30.5,39.6,20-20
20.7,61.4,66.1,Clayey,Barley,18.4,21.7,33.3,20-20
19.2,34.1,63.5,Sandy,Maize,24.4,24.5,53.6,20-20
35.9,86.5,32.1,Clayey,Maize,25.2,25.5,51.7,20-20
34.0,86.3,62.0,Loamy,Coffee,30.7,27.9,52.6,20-20
30.8,74.0,61.0,Red,Maize,30.9,24.0,54.6,20-20
38.0,47.4,61.0,Red,Sugarcane,18.7,25.4,43.4,20-20
34.2,74.2,58.1,Red,Tobacco,24.1,28.2,42.3,20-20
25.4,58.9,30.6,Black,Sugarcane,20.4,25.1,44.6,20-20
36.0,57.4,62.9,Loamy,Ground Nuts,31.0,19.3,32.4,20-20
36.2,87.6,55.5,Loamy,Oil seeds,31.0,30.0,37.4,20-20
24.6,67.1,46.3,Black,Oil seeds,25.6,29.1,34.9,20-20
35.9,55.2,48.7,Sandy,Tobacco,31.5,31.8,41.2,20-20
21.3,42.1,52.8,Loamy,Coffee,25.2,21.2,40.1,20-20
35.1,52.5,65.7,Loamy,Tobacco,22.8,27.4,54.2,20-20
23.9,45.4,48.7,Black,Ground Nuts,31.7,24.3,53.4,20-20
23.1,53.3,52.2,Black,Sugarcane,25.3,19.3,54.8,20-20
26.8,65.9,24.4,Sandy,Millets,24.9,31.0,52.4,20-20
28.6,70.4,37.0,Clayey,Barley,18.9,25.1,45.0,20-20
27.8,42.7,29.3,Sandy,Paddy,30.0,31.2,32.0,20-20
27.9,85.3,51.3,Sandy,Oil seeds,28.0,24.0,30.5,20-20
24.4,57.5,56.8,Black,Cotton,22.6,20.7,35.8,20-20
34.5,74.0,38.3,Sandy,Wheat,19.0,22.9,47.0,20-20
37.3,56.3,51.6,Red,Oil seeds,25.5,20.1,41.5,20-20
25.3,86.8,47.1,Black,Barley,21.4,20.7,33.5,20-20
18.4,55.8,69.4,Clayey,Paddy,27.4,28.6,33.0,20-20
23.7,81.9,29.1,Loamy,Wheat,24.4,26.2,42.9,20-20
33.9,53.7,53.5,Sandy,Paddy,19.5,30.5,40.9,20-20
32.1,37.0,49.0,Sandy,Maize,30.7,29.2,40.4,20-20
33.6,70.3,69.4,Clayey,Cotton,25.1,24.0,37.2,20-20
30.6,63.2,47.9,Red,Millets,29.6,20.6,48.8,20-20
19.0,57.6,22.9,Black,Oil seeds,28.1,23.2,35.0,20-20
37.5,70.3,44.6,Clayey,Millets,28.9,28.3,52.3,20-20
36.3,57.3,27.2,Sandy,Tobacco,28.0,27.3,54.1,20-20
23.4,33.5,56.7,Sandy,Cotton,26.6,31.6,47.8,20-20
26.6,38.7,29.8,Red,Wheat,22.5,25.1,33.1,20-20
24.2,30.2,37.7,Black,Cotton,19.6,24.0,34.9,20-20
35.3,63.7,42.9,Black,Wheat,25.7,23.3,33.2,20-20
26.2,77.6,45.4,Sandy,Paddy,21.9,22.2,35.6,20-20
24.5,60.8,68.1,Black,Coffee,31.1,27.7,38.1,20-20
19.3,38.2,35.4,Black,Paddy,18.6,22.3,31.5,20-20
18.6,76.5,39.5,Red,Pulses,28.4,31.3,37.7,20-20
21.9,49.1,50.5,Sandy,Cotton,23.1,27.4,35.9,20-20
24.9,56.4,47.9,Black,Coffee,27.6,21.3,50.9,20-20
34.4,67.7,55.9,Black,Tobacco,29.0,28.3,41.3,20-20
24.2,42.0,38.1,Red,Ground Nuts,24.9,31.4,54.0,20-20
37.6,87.9,64.3,Black,Pulses,19.1,24.0,43.4,20-20
29.6,38.5,35.5,Sandy,Pulses,21.1,23.5,42.9,20-20
21.8,84.9,37.1,Loamy,Coffee,22.2,27.6,50.1,20-20
20.7,40.7,58.3,Sandy,Paddy,26.4,25.0,45.6,20-20
24.4,51.7,35.7,Black,Tobacco,30.1,26.1,48.2,20-20
24.2,69.8,61.1,Clayey,Wheat,23.9,30.6,32.0,20-20
19.3,41.3,56.7,Black,Cotton,20.7,26.2,44.8,20-20
19.4,53.2,29.3,Loamy,Sugarcane,20.6,25.3,46.8,20-20
21.6,42.4,20.8,Loamy,Wheat,28.1,27.0,34.5,20-20
24.0,37.8,41.1,Loamy,Ground Nuts,19.3,21.7,39.3,20-20
25.7,47.2,20.8,Red,Cotton,20.7,23.5,34.9,20-20
27.0,32.3,33.8,Loamy,Wheat,18.3,23.0,36.5,20-20
24.1,51.8,56.3,Clayey,Sugarcane,24.7,25.8,51.0,20-20
37.8,82.2,34.3,Sandy,Sugarcane,30.5,28.6,53.3,20-20
31.5,30.2,43.7,Clayey,Wheat,20.8,22.5,54.5,20-20
32.9,86.3,63.9,Black,Maize,19.7,22.7,36.4,20-20
28.9,62.1,31.4,Sandy,Barley,28.0,28.3,30.5,20-20
35.8,60.2,37.4,Sandy,Millets,21.6,21.4,32.5,20-20
19.3,52.1,62.8,Black,Pulses,19.1,26.1,47.5,20-20
23.1,48.9,23.6,Clayey,Coffee,22.1,18.6,48.2,20-20
33.2,62.0,59.2,Clayey,Cotton,27.8,30.7,52.1,20-20
26.6,51.2,42.3,Loamy,Ground Nuts,24.0,26.8,48.4,20-20
31.0,55.4,67.5,Sandy,Oil seeds,28.0,24.0,41.2,20-20
26.8,59.9,34.6,Clayey,Paddy,29.7,25.3,43.8,20-20
36.4,77.8,23.3,Sandy,Pulses,24.2,22.8,35.3,20-20
25.0,72.8,52.8,Clayey,Tobacco,20.7,23.0,36.6,20-20
24.9,47.9,30.4,Sandy,Ground Nuts,23.7,20.7,54.1,20-20
36.3,54.9,38.9,Black,Paddy,21.2,26.9,47.1,20-20
19.1,83.3,69.0,Loamy,Coffee,24.0,26.6,41.3,20-20
32.2,64.1,59.2,Sandy,Maize,18.2,27.6,38.0,20-20
34.0,35.2,31.4,Red,Oil seeds,20.9,23.9,38.1,20-20
26.1,61.0,67.7,Clayey,Barley,19.6,20.9,54.1,20-20
21.5,38.4,41.1,Clayey,Cotton,18.7,27.2,31.9,20-20
22.7,42.0,62.9,Black,Tobacco,20.7,32.0,37.1,20-20
21.9,59.7,41.9,Sandy,Oil seeds,21.8,20.2,37.8,20-20
19.2,38.9,67.4,Clayey,Cotton,25.6,18.9,47.3,20-20
32.8,73.5,52.6,Black,Millets,28.3,19.2,48.2,20-20
24.8,84.7,45.1,Loamy,Barley,31.5,19.2,41.9,20-20
30.6,34.6,28.8,Red,Oil seeds,21.6,28.5,34.1,20-20
20.6,32.0,39.8,Clayey,Oil seeds,31.7,19.5,32.5,20-20
24.7,30.0,64.6,Black,Pulses,28.9,27.1,33.2,20-20
36.5,65.8,50.2,Black,Maize,30.8,25.8,44.9,20-20
25.4,69.8,36.0,Clayey,Cotton,25.8,21.9,34.2,20-20
22.3,82.1,35.2,Black,Barley,26.4,21.7,36.5,20-20
36.3,52.7,61.1,Black,Millets,20.8,18.7,49.5,20-20
28.1,45.8,23.6,Black,Millets,24.8,30.1,33.0,20-20
23.5,60.9,23.3,Loamy,Pulses,24.0,19.8,31.2,20-20
33.5,65.7,49.7,Red,Sugarcane,30.8,24.3,35.6,20-20
26.0,71.3,22.1,Black,Ground Nuts,19.8,19.5,44.6,20-20
21.3,64.4,58.1,Sandy,Cotton,22.7,26.1,32.5,20-20
24.7,87.9,68.9,Red,Maize,28.9,18.3,43.6,20-20
33.8,86.4,50.4,Black,Maize,25.3,25.3,39.7,20-20
36.7,64.6,62.9,Loamy,Ground Nuts,30.1,25.3,38.7,20-20
34.0,40.3,23.9,Sandy,Wheat,29.7,31.7,32.2,20-20
35.2,36.9,34.2,Clayey,Millets,28.3,29.3,38.8,20-20
31.0,70.7,45.2,Black,Maize,20.0,29.8,46.1,20-20
27.4,65.5,25.3,Red,Millets,25.8,19.0,43.6,20-20
35.5,72.1,32.5,Black,Coffee,30.4,26.0,45.2,20-20
35.2,84.0,58.7,Black,Barley,31.2,22.2,51.5,20-20
21.3,68.8,54.2,Black,Tobacco,22.0,18.4,35.0,20-20
21.9,52.7,68.1,Sandy,Tobacco,28.7,22.5,53.8,20-20
27.4,53.8,31.6,Sandy,Wheat,23.4,25.4,43.2,20-20
25.2,71.6,48.9,Loamy,Pulses,31.5,23.4,52.5,20-20
28.1,68.8,64.9,Red,Ground Nuts,27.1,24.8,30.8,20-20
36.0,52.0,21.5,Red,Wheat,28.3,29.1,43.6,20-20
35.0,41.2,42.0,Clayey,Millets,18.3,20.3,53.5,20-20
21.3,44.6,38.4,Black,Ground Nuts,19.0,26.2,45.2,20-20
26.3,49.4,47.9,Black,Pulses,22.8,23.8,49.9,20-20
30.4,59.3,35.3,Loamy,Sugarcane,28.2,25.7,41.9,20-20
37.5,66.5,63.7,Clayey,Paddy,18.0,25.4,35.4,20-20
28.6,73.3,40.6,Clayey,Maize,27.4,24.9,40.9,20-20
25.7,50.3,52.3,Loamy,Millets,19.6,19.3,46.5,20-20
26.6,38.8,40.6,Red,Sugarcane,29.1,30.5,47.6,20-20
24.2,64.1,67.4,Red,Pulses,27.8,21.9,53.5,20-20
37.6,33.4,57.7,Red,Paddy,18.6,31.0,32.7,20-20
31.4,56.4,67.4,Loamy,Tobacco,20.5,27.5,44.4,20-20
34.0,39.1,29.3,Red,Ground Nuts,31.7,28.0,36.3,20-20
28.7,79.0,56.5,Loamy,Millets,29.6,21.0,46.0,20-20
32.3,31.4,49.0,Black,Barley,29.8,23.3,31.1,20-20
36.6,71.6,48.9,Sandy,Oil seeds,21.2,18.2,47.4,20-20
35.2,57.0,46.5,Loamy,Barley,28.6,28.9,46.1,20-20
24.8,31.2,56.1,Loamy,Maize,30.3,26.0,30.6,20-20
20.7,55.5,27.3,Black,Millets,30.6,29.3,31.8,20-20
34.4,76.6,67.3,Black,Millets,32.0,31.7,40.3,20-20
33.2,47.4,60.3,Sandy,Maize,25.5,29.1,36.9,20-20
29.3,84.7,33.3,Sandy,Maize,31.1,29.3,48.3,20-20
30.1,44.2,29.5,Loamy,Sugarcane,30.1,28.2,35.3,20-20
27.0,39.2,46.6,Black,Coffee,21.9,19.3,41.7,20-20
18.9,53.3,32.9,Sandy,Paddy,18.4,19.8,33.5,20-20
34.1,55.5,27.4,Clayey,Pulses,19.4,22.2,50.0,20-20
21.2,53.4,47.8,Red,Coffee,18.4,26.8,39.9,20-20
32.2,66.5,37.1,Loamy,Barley,25.4,23.4,47.5,20-20
19.6,67.3,54.4,Loamy,Millets,23.2,30.3,51.1,20-20
18.8,31.0,52.3,Clayey,Pulses,25.6,25.6,49.8,20-20
25.2,79.8,66.9,Black,Maize,21.1,30.1,36.5,20-20
29.9,30.4,21.7,Red,Barley,20.1,20.6,49.2,20-20
37.4,66.9,54.6,Sandy,Oil seeds,21.0,30.5,46.7,20-20
37.1,37.3,24.8,Loamy,Ground Nuts,29.2,30.1,44.6,20-20
37.6,50.6,69.4,Black,Coffee,31.4,27.0,38.3,20-20
34.1,50.6,60.6,Red,Coffee,30.9,31.3,47.1,20-20
18.8,38.5,68.3,Sandy,Ground Nuts,24.5,30.0,41.6,20-20
23.2,83.3,48.2,Loamy,Coffee,23.0,20.3,41.8,20-20
20.0,69.4,34.7,Clayey,Oil seeds,29.1,23.6,46.6,20-20
31.7,45.5,27.6,Sandy,Tobacco,28.8,24.1,34.4,20-20
26.5,78.4,44.0,Sandy,Barley,26.2,30.2,37.7,20-20
35.2,41.8,37.8,Loamy,Millets,31.7,31.8,35.6,20-20
23.4,53.1,42.1,Clayey,Ground Nuts,26.7,30.6,38.3,20-20
25.7,85.5,34.4,Loamy,Paddy,18.9,23.4,39.2,20-20
29.2,87.6,57.8,Red,Wheat,18.5,28.0,50.6,20-20
21.9,72.5,45.1,Clayey,Wheat,28.4,24.9,33.2,20-20
27.8,60.0,63.9,Clayey,Oil seeds,30.5,24.3,41.4,20-20
37.0,67.7,33.9,Loamy,Barley,25.4,26.8,46.0,20-20
21.6,31.9,36.9,Black,Sugarcane,24.0,18.9,50.4,20-20
26.4,79.6,48.2,Sandy,Barley,27.9,30.4,54.9,20-20
24.3,47.3,35.5,Black,Paddy,19.4,18.8,44.5,20-20
29.3,51.6,64.6,Clayey,Pulses,20.0,25.9,54.3,20-20
32.3,35.8,51.2,Clayey,Maize,19.6,21.6,34.4,20-20
30.3,62.7,28.8,Clayey,Barley,31.9,23.9,32.4,20-20
35.5,52.4,58.5,Loamy,Tobacco,20.2,27.8,48.8,20-20
35.3,31.7,42.0,Loamy,Barley,25.2,26.5,36.9,20-20
27.7,69.8,58.7,Clayey,Pulses,28.3,22.8,55.0,20-20
25.4,85.5,59.9,Black,Oil seeds,24.2,25.6,45.2,20-20
29.9,46.4,25.5,Black,Maize,27.6,20.0,46.7,20-20
34.2,38.1,59.2,Sandy,Paddy,32.0,29.9,48.8,20-20
26.4,72.4,56.2,Sandy,Tobacco,26.8,29.1,41.2,20-20
22.9,82.5,62.0,Sandy,Paddy,18.1,30.2,30.6,20-20
19.3,86.2,68.6,Black,Tobacco,26.6,23.5,42.8,20-20
37.2,40.3,46.6,Red,Ground Nuts,18.6,25.0,33.1,20-20
20.3,59.8,46.1,Sandy,Sugarcane,31.6,27.2,37.2,20-20
20.6,73.9,54.5,Loamy,Coffee,26.5,18.6,49.1,20-20
37.3,64.1,35.2,Red,Pulses,23.3,20.5,48.1,20-20
22.0,39.2,23.9,Loamy,Paddy,30.8,21.3,38.6,20-20
32.3,80.5,29.1,Clayey,Ground Nuts,27.6,22.9,54.5,20-20
33.6,68.9,63.8,Loamy,Ground Nuts,29.8,20.9,50.8,20-20
33.4,63.1,52.1,Clayey,Paddy,19.5,18.6,38.3,20-20
22.5,78.4,31.4,Sandy,Cotton,29.4,24.3,41.6,20-20
19.8,38.4,51.8,Clayey,Cotton,29.9,19.3,48.3,20-20
27.7,48.6,37.6,Sandy,Wheat,27.4,18.9,44.6,20-20
27.3,62.4,64.3,Black,Pulses,26.1,21.2,32.0,20-20
27.2,77.9,66.0,Red,Millets,18.6,28.4,30.9,20-20
31.9,50.4,61.0,Clayey,Paddy,22.8,22.8,35.6,20-20
19.5,51.1,33.3,Loamy,Sugarcane,21.2,18.9,34.8,20-20
28.1,45.6,52.5,Sandy,Maize,22.7,23.1,49.6,20-20
32.8,81.6,67.8,Loamy,Coffee,18.1,19.2,46.9,20-20
34.4,30.7,60.3,Black,Sugarcane,19.9,22.1,54.2,20-20
25.0,34.9,62.7,Red,Barley,27.8,29.2,43.2,20-20
18.0,46.1,45.7,Black,Paddy,27.3,21.2,33.5,20-20
21.9,37.5,36.9,Black,Oil seeds,28.8,19.5,35.7,20-20
30.6,34.4,49.2,Red,Pulses,22.1,19.3,52.7,20-20
26.4,50.7,55.0,Black,Ground Nuts,26.5,18.3,34.9,20-20
26.9,60.0,55.7,Loamy,Coffee,27.5,23.2,51.9,20-20
29.7,85.1,47.5,Loamy,Wheat,24.4,19.9,50.3,20-20
32.0,41.5,22.1,Clayey,Millets,22.3,21.9,51.8,20-20
29.0,47.9,45.2,Clayey,Millets,25.8,21.4,43.9,20-20
34.9,57.2,61.5,Clayey,Oil seeds,28.9,27.4,41.1,20-20
31.0,76.3,47.6,Loamy,Oil seeds,20.4,31.7,34.6,20-20
22.2,51.7,42.0,Clayey,Paddy,30.9,30.4,50.6,20-20
25.6,68.7,68.7,Clayey,Maize,26.5,28.1,32.2,20-20
36.6,63.8,58.9,Red,Maize,24.9,18.6,33.9,20-20
21.4,30.6,62.9,Red,Pulses,25.8,23.4,40.2,20-20
19.5,45.9,62.6,Red,Wheat,28.4,25.9,42.0,20-20
34.5,72.2,39.7,Loamy,Maize,29.9,30.9,43.4,20-20
24.5,72.2,66.2,Sandy,Millets,26.9,31.3,32.3,20-20
37.3,59.2,22.6,Sandy,Cotton,21.1,21.4,38.4,20-20
24.9,47.4,53.8,Loamy,Oil seeds,25.7,19.9,52.7,20-20
27.2,84.4,24.9,Clayey,Barley,29.1,23.1,47.4,20-20
28.4,31.3,21.4,Sandy,Pulses,22.6,28.9,37.2,20-20
30.6,84.6,59.8,Black,Cotton,25.8,21.0,41.3,20-20
31.6,48.5,56.3,Sandy,Wheat,21.5,19.6,43.7,20-20
18.0,73.8,34.0,Red,Coffee,29.8,18.8,53.8,20-20
33.8,60.0,41.5,Black,Sugarcane,21.9,29.8,35.0,20-20
26.9,87.9,50.6,Loamy,Coffee,19.5,23.9,31.7,20-20
24.9,79.5,61.9,Loamy,Millets,18.2,25.5,35.6,20-20
18.4,73.5,67.5,Clayey,Wheat,21.1,22.8,35.2,20-20
33.1,79.9,44.3,Sandy,Wheat,26.7,25.5,44.1,20-20
22.2,56.5,30.4,Clayey,Pulses,25.0,30.6,45.4,20-20
30.9,76.7,67.3,Sandy,Wheat,27.6,28.2,52.4,20-20
36.3,30.6,51.5,Loamy,Wheat,24.6,22.9,45.7,20-20
20.3,42.5,28.7,Sandy,Wheat,23.0,30.3,40.9,20-20
21.6,58.6,63.7,Clayey,Oil seeds,28.8,19.1,51.6,20-20
31.3,38.5,53.7,Loamy,Tobacco,18.5,26.4,46.1,20-20
37.0,50.9,63.9,Black,Oil seeds,19.7,26.6,45.0,20-20
21.8,42.7,67.5,Black,Coffee,20.2,18.5,43.4,20-20
26.8,68.8,30.9,Black,Wheat,28.2,19.1,41.3,20-20
19.5,85.5,65.7,Sandy,Sugarcane,31.0,31.7,34.6,20-20
18.7,81.7,57.6,Loamy,Wheat,26.9,31.0,44.4,20-20
37.8,76.9,43.4,Black,Pulses,28.1,29.8,41.6,20-20
27.7,52.4,46.3,Red,Tobacco,27.5,28.2,38.9,20-20
36.2,86.6,31.4,Sandy,Ground Nuts,20.7,27.5,40.4,20-20
34.1,76.3,44.7,Red,Oil seeds,24.6,26.1,35.5,20-20
18.2,57.6,36.8,Sandy,Maize,27.4,26.9,39.5,20-20
23.0,66.7,23.6,Loamy,Wheat,19.5,27.1,48.9,20-20
24.3,73.6,52.0,Loamy,Pulses,28.4,22.1,38.2,20-20
33.5,74.6,44.9,Clayey,Sugarcane,29.1,21.7,33.1,20-20
36.9,59.0,51.8,Clayey,Cotton,26.7,19.9,39.8,20-20
31.4,35.7,69.9,Loamy,Ground Nuts,28.6,28.3,31.6,20-20
25.2,63.1,63.9,Red,Tobacco,22.0,26.7,34.1,20-20
36.9,73.4,47.3,Red,Tobacco,21.5,23.3,33.9,20-20
33.9,34.7,29.5,Red,Barley,27.7,30.6,54.1,20-20
22.2,46.6,63.5,Black,Sugarcane,30.5,27.0,37.8,20-20
35.0,41.9,53.1,Loamy,Cotton,31.6,27.9,36.4,20-20
33.4,46.3,40.4,Sandy,Barley,18.5,21.3,49.5,20-20
36.9,69.3,57.6,Clayey,Tobacco,27.5,28.6,34.3,20-20
36.0,42.7,57.1,Sandy,Ground Nuts,20.2,26.6,51.8,20-20
32.5,77.6,26.8,Clayey,Paddy,27.9,30.9,44.4,20-20
23.2,36.0,45.7,Black,Ground Nuts,19.0,21.1,41.0,20-20
29.3,70.9,22.4,Red,Wheat,19.1,18.9,40.6,20-20
32.9,42.9,67.0,Clayey,Millets,24.8,24.2,49.5,20-20
30.1,84.2,41.1,Black,Barley,29.3,23.3,51.0,20-20
31.6,42.3,31.5,Clayey,Cotton,22.3,27.5,52.2,20-20
19.6,52.0,28.8,Clayey,Oil seeds,27.1,28.6,36.2,20-20
23.7,60.4,39.0,Sandy,Millets,21.2,28.6,49.9,20-20
25.6,39.8,62.0,Loamy,Sugarcane,22.6,28.5,50.4,20-20
25.8,84.4,53.0,Sandy,Sugarcane,26.1,27.8,31.1,20-20
35.6,39.3,40.7,Clayey,Ground Nuts,23.7,23.0,44.1,20-20
23.1,70.9,57.9,Red,Sugarcane,26.2,19.4,44.3,20-20
24.8,67.1,68.0,Black,Tobacco,29.2,27.6,54.3,20-20
25.2,42.7,65.8,Loamy,Coffee,24.0,27.2,30.8,20-20
34.0,41.7,46.6,Loamy,Pulses,28.5,21.4,53.1,20-20
36.0,84.8,64.8,Clayey,Tobacco,18.0,31.1,33.4,20-20
19.1,50.2,51.0,Sandy,Pulses,23.6,18.4,41.9,20-20
33.1,46.2,30.9,Clayey,Paddy,21.6,22.3,45.0,20-20
35.7,83.8,32.8,Loamy,Maize,23.1,31.8,44.2,20-20
28.0,70.4,67.7,Black,Coffee,23.1,20.4,34.6,20-20
35.9,39.4,59.4,Black,Sugarcane,28.4,20.5,40.5,20-20
20.2,65.2,43.2,Clayey,Oil seeds,27.0,25.9,37.8,20-20
25.3,41.3,53.8,Clayey,Sugarcane,22.3,30.4,35.0,20-20
29.4,41.5,42.0,Red,Paddy,27.5,22.5,32.8,20-20
22.5,69.5,62.0,Sandy,Ground Nuts,19.7,24.1,41.1,20-20
24.7,54.3,20.6,Clayey,Coffee,19.7,26.0,35.4,20-20
24.5,39.5,23.0,Red,Ground Nuts,22.0,20.3,50.0,20-20
31.5,33.1,66.0,Black,Tobacco,28.7,20.0,35.5,20-20
36.4,55.9,44.3,Black,Millets,21.3,23.4,37.2,20-20
18.8,69.5,54.1,Sandy,Pulses,22.6,30.4,36.7,20-20
30.1,52.2,25.1,Clayey,Cotton,26.2,27.6,47.0,20-20
28.0,60.1,51.8,Sandy,Paddy,27.7,27.2,44.7,20-20
23.5,80.7,27.1,Clayey,Pulses,30.3,23.7,36.9,20-20
24.6,59.4,37.7,Loamy,Millets,27.1,24.0,46.8,20-20
22.9,77.1,59.9,Black,Tobacco,31.8,20.5,51.2,20-20
26.9,51.3,56.8,Sandy,Coffee,26.4,27.2,35.3,20-20
23.8,87.2,60.7,Clayey,Wheat,31.2,26.3,40.2,20-20
31.4,67.3,65.1,Loamy,Coffee,19.6,22.4,32.3,20-20
32.5,60.9,64.2,Clayey,Oil seeds,24.3,20.1,50.9,20-20
18.4,36.8,67.5,Red,Maize,30.7,19.2,37.6,20-20
29.7,75.2,57.7,Black,Sugarcane,21.6,22.3,42.0,20-20
27.5,36.3,26.3,Clayey,Wheat,24.5,28.2,50.8,20-20
27.5,52.3,29.6,Loamy,Barley,20.1,29.1,41.6,20-20
26.0,35.6,49.2,Sandy,Ground Nuts,22.6,31.3,42.6,20-20
36.1,31.7,27.0,Black,Wheat,19.2,21.7,41.0,20-20
31.4,31.5,42.5,Clayey,Cotton,25.7,22.8,48.7,20-20
37.4,59.5,46.9,Black,Pulses,21.4,23.4,30.7,20-20
24.5,36.0,60.8,Red,Millets,22.2,31.7,47.6,20-20
27.5,57.1,44.6,Clayey,Tobacco,25.5,18.4,47.2,20-20
23.0,47.3,62.6,Black,Millets,23.9,31.9,33.8,20-20
23.7,49.0,41.2,Clayey,Sugarcane,27.2,21.8,31.3,20-20
28.6,86.6,53.7,Loamy,Oil seeds,23.1,25.0,55.0,20-20
18.3,71.8,51.4,Black,Cotton,27.6,26.0,31.1,20-20
36.4,43.5,69.6,Loamy,Cotton,27.5,24.2,53.0,20-20
26.6,34.0,63.4,Loamy,Cotton,28.7,29.1,48.6,20-20
35.2,30.1,31.9,Red,Oil seeds,18.7,19.5,43.3,20-20
21.6,43.5,52.8,Clayey,Cotton,24.6,24.4,49.2,20-20
25.0,85.8,20.4,Black,Tobacco,22.3,26.5,49.6,20-20
18.9,71.1,56.0,Clayey,Millets,21.0,19.6,48.7,20-20
18.0,43.0,21.6,Red,Coffee,21.5,22.7,36.8,20-20
35.7,69.1,38.5,Black,Pulses,20.7,29.4,45.1,20-20
34.5,49.7,24.5,Red,Barley,30.8,23.4,38.7,20-20
29.3,71.5,61.1,Sandy,Paddy,28.6,18.4,46.8,20-20
25.4,70.3,32.7,Clayey,Tobacco,18.3,31.3,30.4,20-20
27.9,85.6,23.6,Clayey,Barley,22.7,31.0,52.4,20-20
24.2,79.1,45.3,Clayey,Pulses,26.7,21.3,47.7,20-20
28.0,60.5,54.8,Red,Paddy,25.1,23.8,54.9,20-20
31.9,69.4,43.7,Red,Wheat,28.4,18.2,37.6,20-20
18.1,59.6,66.2,Loamy,Cotton,30.1,18.3,43.2,20-20
33.8,47.9,58.3,Sandy,Sugarcane,31.2,31.7,52.4,20-20
21.9,66.3,47.2,Black,Millets,18.1,23.5,52.7,20-20
32.1,48.7,62.2,Sandy,Pulses,25.5,31.2,32.0,20-20
30.0,31.3,68.6,Red,Sugarcane,22.2,21.5,42.1,20-20
33.3,52.8,42.0,Sandy,Millets,25.5,23.5,52.9,20-20
36.0,37.2,32.2,Black,Paddy,20.1,20.5,50.1,20-20
37.1,43.4,44.3,Red,Cotton,31.7,29.6,48.2,20-20
33.4,50.2,46.5,Loamy,Sugarcane,26.5,26.5,48.2,20-20
27.1,68.5,34.8,Red,Coffee,22.4,19.7,40.5,20-20
26.5,48.1,41.6,Sandy,Wheat,18.5,30.5,43.8,20-20
20.9,48.7,37.3,Sandy,Tobacco,29.9,18.2,46.0,20-20
23.8,78.6,43.9,Clayey,Wheat,20.6,29.2,39.4,20-20
37.8,81.7,49.7,Clayey,Millets,25.5,32.0,43.7,20-20
22.7,35.7,51.7,Black,Maize,19.3,23.2,40.6,20-20
37.8,42.8,38.8,Clayey,Maize,19.9,26.5,48.2,20-20
34.6,68.5,63.1,Red,Sugarcane,31.7,30.2,40.1,20-20
32.2,33.6,66.5,Sandy,Barley,24.5,19.9,40.6,20-20
21.5,49.7,35.9,Red,Paddy,21.7,22.8,42.9,20-20
32.8,78.4,64.2,Black,Wheat,23.8,22.8,31.4,20-20
19.3,73.0,38.9,Loamy,Pulses,31.3,23.9,50.4,20-20
24.0,64.5,69.9,Black,Paddy,25.2,31.1,49.7,20-20
25.7,41.1,68.2,Red,Cotton,31.4,28.5,37.4,20-20
37.8,33.9,62.2,Sandy,Maize,23.0,23.9,50.8,20-20
29.5,58.0,46.7,Black,Tobacco,24.7,24.2,53.7,20-20
25.4,53.8,59.1,Loamy,Tobacco,18.2,27.2,30.0,20-20
26.2,78.8,27.2,Loamy,Wheat,25.8,27.5,35.7,20-20
28.2,39.1,51.4,Loamy,Millets,26.3,18.4,32.3,20-20
22.4,73.9,68.2,Sandy,Sugarcane,30.1,21.1,31.3,20-20
27.3,77.7,29.7,Clayey,Cotton,19.3,22.6,39.7,20-20
37.6,33.7,30.0,Red,Coffee,26.8,22.3,51.5,20-20
35.8,40.0,36.5,Sandy,Tobacco,29.3,29.3,47.6,20-20
24.2,85.9,27.0,Black,Maize,18.6,18.1,49.4,20-20
28.8,51.3,27.3,Black,Oil seeds,28.4,18.8,38.0,20-20
20.0,55.5,68.9,Loamy,Oil seeds,23.3,28.4,30.8,20-20
29.4,35.2,62.7,Black,Pulses,25.5,23.8,38.4,20-20
37.1,73.0,26.6,Red,Millets,25.2,25.8,34.2,20-20
27.6,69.3,45.5,Loamy,Wheat,31.2,23.6,35.7,20-20
26.0,69.3,35.7,Black,Wheat,26.0,26.6,47.3,20-20
37.3,78.9,48.1,Sandy,Cotton,30.5,23.4,30.9,20-20
27.0,42.3,34.3,Black,Wheat,27.1,23.0,43.9,20-20
21.4,34.3,31.8,Clayey,Coffee,18.8,26.7,49.9,20-20
25.7,77.3,31.1,Black,Maize,19.7,25.0,46.2,20-20
19.1,54.8,31.9,Red,Ground Nuts,28.6,30.2,37.0,20-20
20.1,48.7,46.9,Clayey,Wheat,31.6,23.6,35.5,20-20
27.3,81.9,58.7,Black,Tobacco,21.2,30.3,31.7,20-20
18.8,38.8,65.8,Red,Cotton,26.2,29.1,30.4,20-20
37.7,63.6,62.5,Red,Barley,31.5,27.6,38.2,20-20
19.4,54.8,65.8,Red,Ground Nuts,24.7,30.8,50.4,20-20
37.0,71.0,63.6,Black,Maize,28.5,27.8,47.9,20-20
25.6,54.6,34.7,Loamy,Oil seeds,20.1,24.4,52.5,20-20
22.8,59.8,57.5,Loamy,Barley,24.3,26.9,41.3,20-20
19.5,36.2,66.7,Sandy,Sugarcane,27.8,21.9,38.2,20-20
19.5,72.9,28.8,Red,Pulses,29.3,29.8,46.0,20-20
21.4,63.4,53.8,Loamy,Ground Nuts,27.3,19.6,38.6,20-20
19.2,77.4,48.3,Sandy,Pulses,29.9,31.6,53.9,20-20
28.3,42.8,58.2,Red,Cotton,31.1,22.5,42.3,20-20
26.2,77.4,54.8,Loamy,Wheat,18.1,23.6,31.0,20-20
37.4,68.0,31.2,Red,Cotton,23.0,31.7,35.6,20-20
26.0,74.6,63.4,Loamy,Millets,22.8,27.2,43.7,20-20
32.1,85.7,59.5,Sandy,Ground Nuts,20.0,28.3,46.6,20-20
27.6,33.6,67.6,Sandy,Cotton,29.9,24.8,34.0,20-20
25.8,57.5,41.1,Red,Barley,21.9,30.5,38.3,20-20
33.9,74.9,34.8,Sandy,Pulses,27.5,27.9,44.1,20-20
19.6,68.9,43.5,Sandy,Oil seeds,24.1,30.0,30.6,20-20
20.4,32.0,33.8,Red,Oil seeds,31.8,21.8,46.6,20-20
30.0,87.1,34.6,Loamy,Coffee,29.9,32.0,44.7,20-20
21.4,56.2,36.0,Red,Coffee,22.0,30.1,40.5,20-20
31.9,61.2,69.3,Clayey,Paddy,23.1,28.8,39.3,20-20
20.2,43.9,28.2,Red,Oil seeds,20.2,18.1,49.8,20-20
34.1,65.5,61.6,Sandy,Tobacco,25.1,19.3,45.4,20-20
34.0,72.4,41.6,Black,Tobacco,29.5,27.7,33.0,20-20
29.1,85.0,25.1,Sandy,Paddy,28.1,29.5,47.6,20-20
34.5,79.3,31.6,Clayey,Paddy,22.4,29.6,32.0,20-20
32.3,39.6,55.2,Red,Pulses,20.0,26.7,42.6,20-20
20.2,72.7,39.1,Black,Paddy,19.2,28.8,35.8,20-20
21.5,85.9,25.4,Black,Ground Nuts,31.8,29.8,40.6,20-20
24.5,61.3,49.6,Sandy,Maize,25.9,27.0,53.5,20-20
24.0,32.2,27.4,Black,Ground Nuts,19.5,22.7,45.2,20-20
32.6,53.1,68.2,Clayey,Pulses,26.0,28.8,51.5,20-20
33.9,54.7,60.1,Loamy,Barley,21.8,21.6,36.3,20-20
27.0,52.0,68.7,Clayey,Wheat,19.6,24.8,40.2,20-20
23.0,84.2,31.4,Black,Maize,28.5,18.9,45.7,20-20
19.8,49.2,55.5,Sandy,Coffee,31.4,31.7,46.0,20-20
22.9,60.4,49.8,Sandy,Barley,23.1,27.3,36.3,20-20
19.8,49.6,27.5,Loamy,Paddy,26.5,24.7,30.1,20-20
27.0,86.0,26.8,Loamy,Millets,28.6,22.6,37.3,20-20
25.0,50.7,33.5,Loamy,Sugarcane,27.3,18.7,38.3,20-20
27.9,72.5,68.6,Red,Millets,27.7,19.4,36.1,20-20
23.5,85.5,40.3,Loamy,Maize,24.4,27.8,43.1,20-20
29.9,80.3,54.3,Sandy,Sugarcane,23.3,19.8,50.4,20-20
25.8,72.3,40.5,Loamy,Wheat,25.0,29.7,32.1,20-20
22.3,49.7,52.2,Red,Maize,18.4,26.3,37.1,20-20
20.8,72.7,52.3,Loamy,Millets,31.6,30.8,37.1,20-20
31.1,65.0,21.4,Sandy,Ground Nuts,19.7,26.2,52.8,20-20
21.0,52.3,22.2,Black,Sugarcane,24.6,28.5,49.7,20-20
23.8,49.3,52.8,Sandy,Sugarcane,29.0,27.8,49.7,20-20
28.3,57.1,66.4,Clayey,Sugarcane,28.8,29.6,33.3,20-20
23.0,87.1,29.2,Loamy,Millets,24.5,26.9,52.0,20-20
31.7,41.2,41.1,Sandy,Paddy,26.7,30.2,41.4,20-20
25.3,47.9,47.3,Black,Millets,19.8,18.5,52.4,20-20
29.0,61.3,38.6,Red,Wheat,26.0,24.4,42.2,20-20
28.5,48.8,49.1,Loamy,Coffee,27.0,27.3,45.5,20-20
26.9,68.8,57.7,Red,Paddy,24.1,23.1,47.9,20-20
27.4,40.1,38.9,Loamy,Cotton,22.1,28.9,38.3,20-20
29.7,38.3,34.9,Clayey,Pulses,26.7,28.2,31.0,20-20
29.3,34.6,45.0,Clayey,Coffee,28.0,18.7,49.0,20-20
19.8,70.4,32.9,Red,Barley,23.0,24.8,49.8,20-20
20.2,38.9,30.9,Sandy,Wheat,18.8,31.0,38.0,20-20
30.8,75.6,57.7,Loamy,Coffee,28.1,18.7,49.6,20-20
31.0,85.5,60.5,Red,Maize,29.6,20.5,41.9,20-20
20.1,72.4,22.1,Loamy,Ground Nuts,28.4,30.3,40.6,20-20
24.1,80.9,47.4,Red,Barley,26.1,27.3,37.5,20-20
37.7,32.0,22.1,Clayey,Ground Nuts,24.0,27.2,39.7,20-20
21.9,30.5,29.5,Loamy,Barley,30.4,20.0,42.0,20-20
31.3,33.2,52.9,Sandy,Maize,23.0,31.0,51.2,20-20
25.7,57.0,60.2,Red,Maize,26.1,18.5,51.1,20-20
21.4,35.9,23.9,Clayey,Barley,18.4,18.8,41.1,20-20
20.5,68.2,31.3,Loamy,Coffee,18.3,23.9,37.8,20-20
28.8,79.4,60.4,Red,Cotton,27.8,26.5,45.4,20-20
30.4,43.0,32.0,Loamy,Sugarcane,30.1,26.8,40.0,20-20
32.2,64.9,68.5,Red,Maize,26.2,24.5,43.6,20-20
20.5,72.5,38.5,Loamy,Millets,31.0,18.3,46.3,20-20
27.3,73.1,45.0,Red,Cotton,28.9,24.3,54.6,20-20
21.3,85.9,47.8,Sandy,Pulses,25.4,29.9,46.0,20-20
33.2,51.8,48.4,Black,Paddy,24.3,30.2,52.0,20-20
19.8,39.7,38.4,Red,Wheat,25.9,27.2,38.3,20-20
19.3,74.8,61.8,Clayey,Wheat,24.9,19.0,46.4,20-20
30.0,60.4,56.0,Sandy,Cotton,18.6,25.9,33.0,20-20
20.8,50.8,43.6,Sandy,Tobacco,30.5,18.3,44.0,20-20
27.2,36.3,69.7,Sandy,Tobacco,20.3,28.9,50.7,20-20
26.6,80.7,67.9,Loamy,Pulses,20.4,24.7,31.5,20-20
22.1,76.3,21.9,Loamy,Ground Nuts,29.3,18.4,46.4,20-20
26.4,62.3,26.3,Loamy,Cotton,26.2,22.1,35.7,20-20
20.5,36.9,69.7,Red,Sugarcane,20.5,30.6,54.8,20-20
33.4,87.1,59.7,Red,Pulses,22.1,31.5,54.6,20-20
32.7,32.7,61.9,Black,Pulses,30.7,22.2,31.8,20-20
24.0,54.2,53.2,Sandy,Pulses,20.9,23.0,49.6,20-20
24.5,68.5,58.3,Black,Barley,26.3,21.4,30.0,20-20
33.4,42.7,50.8,Red,Ground Nuts,29.3,19.9,45.0,20-20
34.5,32.8,49.8,Clayey,Maize,27.0,26.4,46.3,20-20
20.6,43.6,50.9,Clayey,Tobacco,18.2,26.9,46.6,20-20
30.0,61.0,33.0,Red,Maize,24.5,30.7,40.7,20-20
19.6,34.7,58.9,Loamy,Ground Nuts,22.9,21.2,48.7,20-20
22.9,55.0,36.6,Black,Wheat,26.2,22.7,39.8,20-20
35.7,78.0,63.2,Black,Cotton,26.0,27.0,43.9,20-20
29.0,36.4,60.5,Loamy,Cotton,28.6,29.5,34.8,20-20
23.9,59.5,26.7,Sandy,Wheat,23.4,20.6,36.6,20-20
25.5,70.8,36.8,Sandy,Ground Nuts,31.7,20.4,48.8,20-20
22.7,73.7,42.4,Red,Maize,27.6,27.3,32.8,20-20
31.6,75.3,42.4,Loamy,Wheat,40.9,44.8,18.5,10-26-26
27.6,47.3,56.5,Black,Coffee,58.0,59.5,5.5,10-26-26
25.1,38.8,60.2,Black,Paddy,51.0,59.8,7.7,10-26-26
29.6,49.7,45.9,Red,Maize,52.7,61.7,5.8,10-26-26
31.1,71.0,55.3,Black,Barley,63.9,45.4,18.2,10-26-26
23.8,32.8,52.6,Black,Millets,38.0,60.4,14.7,10-26-26
18.3,34.5,49.1,Clayey,Barley,62.4,53.0,8.5,10-26-26
30.5,64.6,67.8,Black,Paddy,50.9,45.7,12.9,10-26-26
28.8,48.9,36.9,Clayey,Cotton,57.7,37.0,9.1,10-26-26
36.9,35.2,57.9,Loamy,Millets,53.9,54.0,16.5,10-26-26
37.2,38.8,63.1,Clayey,Coffee,47.6,57.0,9.4,10-26-26
18.5,86.3,60.7,Black,Millets,37.8,65.0,14.1,10-26-26
19.3,52.6,53.5,Red,Cotton,38.2,49.7,11.6,10-26-26
24.0,86.1,34.4,Loamy,Maize,41.4,51.1,15.1,10-26-26
27.1,49.0,35.8,Sandy,Wheat,36.1,43.4,10.3,10-26-26
35.7,79.2,32.6,Red,Wheat,59.1,58.9,10.0,10-26-26
19.4,59.3,41.9,Sandy,Oil seeds,39.1,49.7,19.2,10-26-26
32.5,62.5,60.2,Loamy,Cotton,48.3,49.7,15.0,10-26-26
30.3,37.7,32.7,Black,Maize,35.7,60.9,5.4,10-26-26
19.6,75.3,66.2,Black,Pulses,51.9,39.2,13.4,10-26-26
33.6,80.1,57.5,Loamy,Ground Nuts,38.6,50.5,11.7,10-26-26
22.4,33.4,66.3,Red,Wheat,64.5,52.0,18.3,10-26-26
31.0,73.8,47.7,Clayey,Millets,63.1,64.3,19.9,10-26-26
20.7,72.1,58.0,Red,Cotton,57.0,64.7,11.1,10-26-26
24.7,74.5,31.6,Black,Maize,49.3,52.0,14.1,10-26-26
33.7,63.7,61.7,Loamy,Millets,42.9,41.3,18.9,10-26-26
22.9,43.6,34.3,Sandy,Paddy,52.8,49.8,17.6,10-26-26
30.7,85.5,52.6,Black,Maize,61.5,51.7,14.4,10-26-26
20.2,76.5,37.3,Red,Maize,37.4,43.0,15.2,10-26-26
31.3,47.7,33.4,Loamy,Paddy,59.4,64.4,16.6,10-26-26
26.9,61.3,43.1,Red,Millets,50.1,41.1,18.6,10-26-26
31.6,85.1,34.2,Clayey,Sugarcane,37.4,59.8,20.0,10-26-26
19.2,75.3,23.7,Clayey,Maize,51.2,43.3,18.7,10-26-26
36.0,47.3,39.4,Sandy,Barley,63.4,41.0,13.7,10-26-26
21.5,75.7,30.0,Black,Cotton,44.6,36.8,15.5,10-26-26
30.3,83.4,25.6,Loamy,Cotton,52.7,56.9,6.1,10-26-26
29.4,63.9,23.5,Clayey,Millets,60.1,49.4,19.8,10-26-26
27.1,38.2,56.4,Red,Pulses,58.3,60.6,9.5,10-26-26
35.2,80.2,21.3,Loamy,Tobacco,55.1,53.1,6.3,10-26-26
25.9,84.5,39.8,Black,Tobacco,49.9,42.4,5.0,10-26-26
37.3,37.6,50.2,Red,Oil seeds,65.0,39.2,11.4,10-26-26
31.8,34.7,31.8,Sandy,Pulses,39.8,62.2,7.7,10-26-26
27.5,46.6,28.5,Loamy,Wheat,38.1,48.5,6.9,10-26-26
20.7,36.3,64.1,Black,Pulses,55.2,62.7,14.7,10-26-26
18.3,47.8,23.1,Sandy,Pulses,44.5,47.2,18.8,10-26-26
25.9,77.1,45.7,Sandy,Cotton,36.2,63.4,6.2,10-26-26
19.6,31.0,27.4,Loamy,Maize,44.2,48.9,6.0,10-26-26
23.0,45.9,61.1,Black,Pulses,64.6,48.9,9.8,10-26-26
27.3,85.7,66.9,Clayey,Sugarcane,62.1,62.3,18.5,10-26-26
18.5,37.7,26.7,Red,Paddy,35.7,38.5,18.8,10-26-26
33.9,58.3,27.1,Black,Sugarcane,61.5,45.2,15.5,10-26-26
28.0,77.3,27.8,Black,Tobacco,64.3,37.1,13.0,10-26-26
30.9,32.6,63.0,Red,Tobacco,64.1,63.8,8.3,10-26-26
27.7,83.4,50.9,Sandy,Tobacco,56.6,45.1,7.8,10-26-26
23.1,50.7,41.2,Loamy,Ground Nuts,46.7,63.6,11.6,10-26-26
18.2,33.4,52.3,Clayey,Maize,46.5,39.4,5.7,10-26-26
25.7,67.8,56.9,Sandy,Wheat,44.8,50.2,18.4,10-26-26
33.0,74.2,64.9,Red,Coffee,57.1,45.2,6.8,10-26-26
31.1,59.6,31.8,Sandy,Paddy,62.7,36.6,15.3,10-26-26
26.8,43.9,41.5,Clayey,Wheat,61.2,60.1,19.1,10-26-26
30.7,68.5,65.4,Sandy,Barley,57.5,61.0,11.2,10-26-26
30.9,37.9,21.9,Loamy,Coffee,42.3,46.4,17.6,10-26-26
29.2,73.4,33.8,Red,Millets,55.4,56.2,17.7,10-26-26
22.1,72.7,61.9,Black,Ground Nuts,52.8,38.5,9.7,10-26-26
30.7,74.6,24.5,Sandy,Pulses,43.9,54.5,7.1,10-26-26
19.2,49.4,62.3,Sandy,Barley,58.2,54.3,18.1,10-26-26
28.4,86.8,54.7,Loamy,Tobacco,53.0,47.3,18.5,10-26-26
18.2,41.4,25.5,Loamy,Paddy,44.6,59.8,14.8,10-26-26
33.8,59.2,45.6,Sandy,Oil seeds,45.9,60.9,9.8,10-26-26
33.4,70.4,61.0,Red,Pulses,40.2,54.6,14.1,10-26-26
26.3,79.4,68.6,Clayey,Ground Nuts,55.0,62.7,7.0,10-26-26
18.7,60.6,34.6,Clayey,Cotton,59.4,41.5,5.2,10-26-26
30.9,47.1,32.3,Red,Barley,39.7,39.1,12.9,10-26-26
20.6,77.5,40.6,Clayey,Cotton,45.4,64.4,18.9,10-26-26
18.8,55.3,50.1,Red,Ground Nuts,63.2,53.8,14.4,10-26-26
34.4,51.9,37.6,Sandy,Maize,45.2,62.7,5.7,10-26-26
29.3,42.6,49.4,Sandy,Coffee,45.4,54.2,9.4,10-26-26
33.4,86.8,65.6,Clayey,Millets,50.1,49.7,11.6,10-26-26
21.3,33.4,54.8,Clayey,Sugarcane,47.4,36.9,15.4,10-26-26
30.0,39.4,23.1,Clayey,Barley,59.5,41.5,13.1,10-26-26
24.9,62.4,47.9,Sandy,Cotton,56.3,56.5,8.5,10-26-26
18.4,71.5,25.1,Sandy,Oil seeds,56.9,50.8,11.6,10-26-26
31.4,52.5,38.5,Sandy,Wheat,35.1,39.6,19.3,10-26-26
23.5,53.3,67.0,Sandy,Pulses,42.5,51.0,5.3,10-26-26
37.5,48.5,46.6,Red,Maize,35.6,61.5,16.8,10-26-26
25.7,59.5,69.0,Sandy,Coffee,55.7,53.9,12.9,10-26-26
31.3,82.4,47.1,Red,Oil seeds,47.6,59.2,17.0,10-26-26
37.2,53.5,31.2,Sandy,Cotton,35.6,42.1,15.5,10-26-26
24.3,35.6,66.4,Black,Barley,61.1,58.7,15.4,10-26-26
33.0,47.5,30.7,Loamy,Tobacco,40.6,45.8,5.5,10-26-26
30.9,55.4,59.7,Loamy,Wheat,38.5,56.5,7.2,10-26-26
23.5,38.3,26.4,Clayey,Tobacco,63.8,46.3,12.9,10-26-26
18.9,44.0,61.6,Loamy,Sugarcane,60.9,46.2,10.6,10-26-26
23.9,36.8,32.9,Red,Maize,46.6,36.6,12.2,10-26-26
19.4,55.5,55.4,Red,Oil seeds,36.7,36.8,10.6,10-26-26
36.7,63.7,34.4,Sandy,Sugarcane,56.1,46.2,7.0,10-26-26
22.0,34.9,40.3,Clayey,Paddy,42.4,52.3,15.5,10-26-26
30.9,83.2,22.9,Sandy,Barley,40.0,47.4,10.6,10-26-26
22.1,38.7,45.5,Black,Oil seeds,62.8,46.8,5.7,10-26-26
23.8,44.2,36.2,Red,Tobacco,56.7,59.6,13.8,10-26-26
24.2,37.2,66.7,Clayey,Coffee,54.1,35.8,14.9,10-26-26
34.4,39.9,56.0,Loamy,Pulses,49.6,40.6,15.5,10-26-26
30.9,66.8,27.2,Loamy,Barley,45.5,52.6,7.1,10-26-26
20.1,36.7,46.4,Red,Pulses,53.6,47.1,9.3,10-26-26
29.8,75.1,25.8,Loamy,Maize,45.7,51.3,10.0,10-26-26
23.6,43.2,62.4,Loamy,Barley,62.7,56.0,5.4,10-26-26
28.6,74.0,41.9,Sandy,Sugarcane,36.2,55.5,11.7,10-26-26
34.6,80.0,46.4,Loamy,Wheat,38.1,39.1,17.2,10-26-26
22.9,42.2,20.2,Sandy,Tobacco,58.5,37.3,11.7,10-26-26
24.9,42.9,58.5,Sandy,Ground Nuts,55.9,45.8,9.8,10-26-26
37.8,43.5,53.8,Loamy,Wheat,39.1,62.8,13.9,10-26-26
35.9,62.3,54.1,Clayey,Sugarcane,56.0,48.8,11.5,10-26-26
19.1,62.5,57.8,Clayey,Cotton,49.9,52.8,18.5,10-26-26
20.0,70.1,61.1,Clayey,Sugarcane,60.5,54.2,17.5,10-26-26
19.7,74.2,29.0,Loamy,Sugarcane,42.1,46.8,9.7,10-26-26
21.4,47.0,21.0,Black,Barley,49.2,58.1,17.9,10-26-26
26.3,72.4,34.4,Sandy,Paddy,36.7,55.3,14.7,10-26-26
30.3,39.1,62.7,Loamy,Paddy,53.8,59.2,16.6,10-26-26
33.4,60.6,50.0,Sandy,Maize,53.8,38.8,7.9,10-26-26
24.8,69.6,26.5,Black,Ground Nuts,59.0,62.4,10.3,10-26-26
37.3,45.4,54.5,Red,Barley,37.7,62.4,13.9,10-26-26
33.5,86.1,64.4,Clayey,Oil seeds,58.8,55.8,13.6,10-26-26
21.3,77.6,60.2,Black,Millets,53.4,48.2,5.4,10-26-26
27.7,83.9,25.4,Sandy,Ground Nuts,50.6,46.0,19.9,10-26-26
38.0,59.8,28.4,Clayey,Maize,51.7,41.8,14.5,10-26-26
33.7,45.8,34.8,Black,Paddy,37.1,43.6,6.4,10-26-26
30.9,77.1,35.1,Clayey,Millets,43.5,58.4,10.7,10-26-26
37.6,68.4,38.8,Loamy,Coffee,37.0,57.1,19.7,10-26-26
34.6,35.9,24.1,Red,Coffee,62.3,37.4,6.7,10-26-26
34.5,72.7,48.5,Loamy,Paddy,55.1,57.4,7.0,10-26-26
33.9,74.3,57.0,Clayey,Cotton,58.1,36.3,18.4,10-26-26
28.6,44.4,49.6,Black,Cotton,51.7,41.7,14.0,10-26-26
36.2,34.2,57.8,Clayey,Coffee,42.7,40.3,14.0,10-26-26
25.9,32.3,65.4,Red,Pulses,56.9,43.2,12.5,10-26-26
28.5,60.0,30.4,Loamy,Millets,58.3,44.0,13.7,10-26-26
36.6,60.6,56.0,Black,Barley,61.7,64.7,12.6,10-26-26
29.3,58.2,46.9,Black,Maize,49.5,47.6,15.9,10-26-26
36.4,42.4,61.4,Loamy,Ground Nuts,62.2,46.8,9.7,10-26-26
33.8,47.7,28.8,Sandy,Barley,51.3,52.0,17.4,10-26-26
29.8,70.4,63.0,Loamy,Tobacco,57.0,59.0,18.7,10-26-26
34.9,43.4,60.7,Clayey,Cotton,41.7,63.0,9.9,10-26-26
21.0,40.9,42.4,Loamy,Pulses,50.7,62.4,10.7,10-26-26
31.4,70.4,66.2,Loamy,Coffee,61.5,43.6,11.8,10-26-26
24.7,55.8,65.0,Red,Tobacco,45.8,49.4,18.6,10-26-26
31.6,73.2,43.9,Red,Tobacco,39.9,53.5,18.5,10-26-26
31.9,52.6,51.6,Sandy,Barley,53.2,49.4,19.2,10-26-26
26.2,71.4,53.8,Sandy,Sugarcane,35.3,43.6,7.8,10-26-26
22.8,57.5,32.3,Clayey,Coffee,52.4,56.6,10.0,10-26-26
33.0,57.7,28.0,Red,Ground Nuts,42.7,50.1,5.3,10-26-26
28.4,64.7,36.3,Loamy,Cotton,40.5,59.3,18.6,10-26-26
28.2,81.0,54.6,Red,Paddy,60.8,44.9,15.7,10-26-26
29.4,60.6,47.5,Loamy,Tobacco,60.5,62.5,6.7,10-26-26
34.8,69.4,23.4,Clayey,Coffee,41.3,60.8,6.8,10-26-26
20.8,31.3,64.5,Loamy,Millets,52.2,35.6,19.9,10-26-26
30.4,30.5,48.5,Black,Millets,53.9,43.9,15.9,10-26-26
32.4,38.3,65.7,Black,Sugarcane,61.4,39.5,19.1,10-26-26
32.0,78.7,24.2,Sandy,Wheat,40.1,43.7,12.2,10-26-26
28.1,40.8,54.1,Clayey,Oil seeds,36.7,45.8,7.7,10-26-26
19.6,75.5,64.8,Clayey,Tobacco,64.2,52.4,9.9,10-26-26
25.6,65.5,44.5,Red,Oil seeds,54.6,36.2,6.6,10-26-26
37.9,73.3,32.8,Sandy,Pulses,63.6,41.4,16.0,10-26-26
31.0,74.1,63.0,Sandy,Paddy,57.0,62.7,12.8,10-26-26
34.1,46.2,33.8,Sandy,Ground Nuts,60.0,39.4,14.3,10-26-26
34.8,33.6,36.0,Sandy,Oil seeds,39.3,63.5,19.8,10-26-26
31.4,78.8,31.7,Clayey,Wheat,40.6,35.3,11.2,10-26-26
36.5,49.8,52.4,Black,Sugarcane,55.2,61.2,19.9,10-26-26
24.7,77.1,57.7,Loamy,Oil seeds,61.8,45.3,7.8,10-26-26
29.5,79.4,39.5,Loamy,Ground Nuts,50.5,35.3,16.8,10-26-26
34.3,45.4,20.5,Clayey,Paddy,39.6,64.6,9.8,10-26-26
34.1,87.0,64.5,Loamy,Pulses,40.9,36.7,11.2,10-26-26
30.9,45.5,63.0,Black,Tobacco,44.9,62.6,12.1,10-26-26
30.6,39.2,34.3,Loamy,Tobacco,41.3,51.2,11.9,10-26-26
27.3,64.8,36.8,Red,Barley,36.4,46.1,12.8,10-26-26
29.5,81.8,30.9,Red,Barley,62.8,37.9,17.4,10-26-26
23.2,85.6,40.8,Black,Coffee,39.2,52.8,19.9,10-26-26
23.6,63.5,25.8,Clayey,Barley,48.9,50.7,9.7,10-26-26
33.1,50.3,43.7,Loamy,Paddy,43.7,55.9,17.7,10-26-26
34.3,41.5,40.1,Clayey,Tobacco,53.7,44.5,14.9,10-26-26
20.2,32.3,61.8,Red,Oil seeds,49.7,51.9,10.6,10-26-26
20.1,77.7,36.1,Loamy,Ground Nuts,52.9,43.3,16.0,10-26-26
28.8,67.0,51.5,Clayey,Sugarcane,56.2,54.2,15.1,10-26-26
24.7,43.5,61.6,Sandy,Paddy,61.7,47.3,5.4,10-26-26
18.4,64.5,49.4,Loamy,Ground Nuts,46.4,57.5,11.4,10-26-26
32.6,80.1,66.1,Clayey,Coffee,58.3,42.0,12.0,10-26-26
21.2,64.2,64.3,Clayey,Ground Nuts,47.6,55.1,14.2,10-26-26
20.5,64.1,45.3,Loamy,Oil seeds,55.8,44.2,11.0,10-26-26
30.2,54.5,66.0,Clayey,Pulses,54.3,47.0,9.0,10-26-26
23.9,65.4,60.6,Clayey,Paddy,42.0,47.3,11.1,10-26-26
22.8,86.2,45.5,Sandy,Pulses,43.5,43.5,5.3,10-26-26
33.5,31.9,49.3,Red,Barley,58.5,46.3,11.5,10-26-26
23.8,45.9,31.1,Clayey,Tobacco,45.0,45.6,9.6,10-26-26
36.7,63.3,69.1,Black,Cotton,64.7,45.7,11.7,10-26-26
31.4,72.0,21.6,Clayey,Tobacco,38.0,45.0,6.1,10-26-26
33.7,86.7,67.8,Loamy,Barley,58.8,46.3,6.0,10-26-26
18.0,30.1,66.8,Black,Pulses,62.8,55.0,15.9,10-26-26
22.8,83.0,33.9,Loamy,Oil seeds,57.2,42.4,18.1,10-26-26
30.9,35.6,41.0,Sandy,Coffee,50.7,43.8,18.2,10-26-26
25.0,57.1,52.2,Clayey,Tobacco,57.5,44.8,13.8,10-26-26
23.1,54.7,64.5,Clayey,Paddy,52.2,64.0,6.5,10-26-26
21.1,49.1,69.9,Red,Sugarcane,41.7,55.9,8.6,10-26-26
24.2,50.1,49.7,Black,Tobacco,52.6,52.4,13.6,10-26-26
26.7,64.4,53.6,Clayey,Coffee,42.6,56.0,18.8,10-26-26
26.4,53.5,24.3,Sandy,Tobacco,35.1,62.0,8.3,10-26-26
25.0,40.1,23.4,Loamy,Cotton,40.9,60.6,17.0,10-26-26
31.0,65.3,23.5,Clayey,Barley,36.9,64.0,7.3,10-26-26
20.6,49.2,35.8,Sandy,Tobacco,59.0,47.6,14.2,10-26-26
29.0,33.6,38.7,Loamy,Tobacco,60.7,55.7,19.7,10-26-26
31.5,75.0,33.5,Clayey,Pulses,36.8,47.2,7.2,10-26-26
19.8,76.3,44.8,Clayey,Pulses,46.7,63.5,10.6,10-26-26
28.0,46.9,45.8,Sandy,Millets,55.1,58.3,15.7,10-26-26
20.3,61.5,29.9,Red,Pulses,37.5,50.8,9.9,10-26-26
24.3,86.8,57.9,Black,Tobacco,36.7,50.3,13.4,10-26-26
28.0,58.0,38.4,Black,Paddy,43.1,63.4,9.8,10-26-26
30.7,50.7,22.6,Loamy,Wheat,63.4,52.1,12.2,10-26-26
21.0,63.3,38.3,Clayey,Cotton,51.7,50.0,14.0,10-26-26
25.3,81.1,60.0,Clayey,Paddy,62.8,44.4,5.3,10-26-26
25.7,72.6,51.1,Black,Millets,49.5,40.3,17.0,10-26-26
22.2,78.3,40.7,Black,Coffee,54.1,42.0,14.7,10-26-26
29.9,66.4,25.6,Sandy,Sugarcane,47.1,60.8,17.5,10-26-26
36.1,38.3,52.9,Clayey,Maize,42.5,54.4,6.3,10-26-26
33.7,41.7,51.9,Clayey,Sugarcane,57.8,41.3,6.4,10-26-26
22.8,74.2,48.7,Clayey,Oil seeds,36.0,51.3,17.1,10-26-26
18.5,36.8,56.5,Black,Millets,46.1,45.0,18.3,10-26-26
35.7,34.7,67.3,Loamy,Ground Nuts,37.3,63.9,11.8,10-26-26
30.1,55.1,39.1,Sandy,Coffee,38.2,39.0,17.6,10-26-26
25.6,78.1,24.0,Sandy,Tobacco,53.7,61.0,17.6,10-26-26
32.9,54.8,62.0,Red,Millets,50.9,57.9,6.2,10-26-26
19.1,72.0,25.8,Red,Paddy,35.4,63.4,7.9,10-26-26
37.3,61.0,46.3,Black,Ground Nuts,46.0,47.8,12.2,10-26-26
26.1,86.2,30.1,Red,Sugarcane,52.4,37.5,8.3,10-26-26
24.1,87.2,45.0,Red,Coffee,50.5,36.1,19.3,10-26-26
25.9,54.1,52.2,Red,Millets,54.9,39.6,12.5,10-26-26
31.5,51.3,44.1,Loamy,Wheat,52.0,55.6,5.9,10-26-26
37.9,85.9,61.5,Loamy,Coffee,43.0,35.7,17.5,10-26-26
22.1,61.6,28.9,Sandy,Wheat,60.0,58.3,16.3,10-26-26
22.4,72.3,37.8,Red,Oil seeds,55.0,38.7,15.6,10-26-26
37.5,84.3,20.5,Black,Paddy,37.4,58.1,15.3,10-26-26
35.0,55.7,33.1,Sandy,Maize,35.3,61.1,13.0,10-26-26
32.3,34.7,49.4,Red,Ground Nuts,35.5,51.7,10.3,10-26-26
30.4,81.8,29.6,Clayey,Paddy,37.6,53.8,10.9,10-26-26
28.6,59.9,58.2,Loamy,Millets,44.4,37.7,10.2,10-26-26
29.6,55.9,65.6,Clayey,Paddy,62.0,47.5,18.1,10-26-26
29.3,45.6,69.2,Black,Cotton,37.2,48.4,14.3,10-26-26
32.5,76.0,31.7,Sandy,Cotton,46.1,46.5,19.3,10-26-26
22.4,66.7,41.4,Clayey,Cotton,42.5,56.5,7.9,10-26-26
26.6,48.5,67.3,Sandy,Wheat,44.7,45.4,18.1,10-26-26
18.9,57.1,41.3,Sandy,Oil seeds,45.8,58.5,16.2,10-26-26
22.3,54.5,48.6,Sandy,Ground Nuts,64.2,37.4,11.9,10-26-26
34.5,82.2,65.4,Red,Barley,46.3,44.1,11.7,10-26-26
32.4,42.4,52.9,Clayey,Pulses,62.8,43.4,15.2,10-26-26
20.3,38.0,30.8,Loamy,Ground Nuts,51.9,58.0,6.9,10-26-26
34.9,72.2,41.3,Black,Wheat,35.0,57.0,18.2,10-26-26
22.0,78.0,53.8,Clayey,Cotton,49.1,62.5,10.9,10-26-26
31.2,63.3,36.8,Clayey,Wheat,45.3,46.9,9.4,10-26-26
31.0,55.6,39.9,Loamy,Oil seeds,46.0,43.5,6.3,10-26-26
24.4,61.8,58.7,Red,Coffee,46.9,63.3,17.4,10-26-26
35.5,65.8,49.9,Clayey,Cotton,38.9,56.7,14.0,10-26-26
29.8,69.4,34.7,Red,Tobacco,48.2,59.2,10.0,10-26-26
25.6,34.0,55.9,Sandy,Coffee,39.4,43.6,18.2,10-26-26
24.4,61.8,30.9,Black,Ground Nuts,35.8,53.1,15.7,10-26-26
33.4,83.7,69.3,Clayey,Wheat,57.3,61.0,15.1,10-26-26
34.7,71.6,43.9,Sandy,Sugarcane,46.8,36.0,10.4,10-26-26
27.2,45.8,33.7,Clayey,Coffee,36.9,53.4,11.7,10-26-26
29.4,54.7,32.0,Red,Oil seeds,63.8,47.4,15.9,10-26-26
30.3,30.5,56.0,Sandy,Ground Nuts,51.8,49.5,11.4,10-26-26
32.1,67.9,37.1,Red,Barley,40.6,40.3,13.8,10-26-26
35.9,64.8,54.9,Clayey,Oil seeds,48.9,57.7,13.8,10-26-26
35.8,47.7,26.9,Clayey,Maize,37.6,56.6,15.6,10-26-26
29.2,65.6,66.5,Clayey,Wheat,54.7,54.4,16.4,10-26-26
23.2,65.8,49.2,Clayey,Millets,39.0,50.6,6.0,10-26-26
36.3,36.9,48.9,Loamy,Barley,44.7,51.7,8.5,10-26-26
34.3,87.9,40.6,Clayey,Coffee,35.6,42.0,13.8,10-26-26
20.1,37.1,55.1,Red,Ground Nuts,55.0,42.5,17.2,10-26-26
36.5,41.7,24.1,Loamy,Barley,45.2,40.6,12.9,10-26-26
27.8,68.3,38.2,Red,Maize,35.8,64.2,17.3,10-26-26
34.4,86.0,31.3,Black,Millets,37.2,47.8,18.2,10-26-26
35.7,87.5,22.7,Red,Oil seeds,49.9,44.9,10.9,10-26-26
32.8,64.3,68.1,Loamy,Paddy,45.0,51.2,17.2,10-26-26
31.7,79.9,40.8,Clayey,Ground Nuts,51.0,64.3,5.6,10-26-26
18.2,64.6,22.8,Sandy,Sugarcane,60.7,59.2,5.5,10-26-26
31.7,80.8,59.9,Loamy,Barley,40.5,52.0,5.5,10-26-26
34.1,56.5,27.5,Sandy,Cotton,48.2,40.9,10.9,10-26-26
25.0,84.3,48.1,Red,Wheat,60.3,57.8,14.9,10-26-26
29.0,65.2,43.6,Black,Oil seeds,62.3,57.2,15.1,10-26-26
19.7,36.3,35.0,Loamy,Barley,41.3,63.6,11.1,10-26-26
22.3,55.9,35.9,Sandy,Wheat,64.1,61.3,8.7,10-26-26
23.6,77.8,61.0,Red,Tobacco,56.7,55.7,13.2,10-26-26
35.2,32.9,39.9,Red,Oil seeds,35.8,60.2,7.7,10-26-26
34.3,59.6,36.2,Sandy,Wheat,44.7,44.8,16.8,10-26-26
24.4,58.4,23.8,Red,Pulses,59.8,43.0,18.3,10-26-26
19.7,82.0,69.0,Loamy,Sugarcane,63.6,60.6,17.7,10-26-26
34.5,42.1,39.4,Black,Maize,54.2,61.2,14.9,10-26-26
22.1,85.7,35.8,Red,Millets,47.4,45.8,9.0,10-26-26
26.2,54.3,46.4,Loamy,Tobacco,35.6,49.9,9.4,10-26-26
27.3,78.5,29.0,Sandy,Pulses,39.4,49.2,10.6,10-26-26
36.9,74.1,54.4,Black,Tobacco,47.5,43.6,13.1,10-26-26
35.5,55.8,32.3,Loamy,Maize,41.8,36.0,17.6,10-26-26
25.2,76.9,26.0,Red,Wheat,48.8,38.7,11.6,10-26-26
31.4,67.2,27.2,Clayey,Ground Nuts,54.0,47.1,12.0,10-26-26
25.2,37.4,25.1,Red,Coffee,63.0,40.7,10.0,10-26-26
25.0,80.5,65.0,Sandy,Cotton,44.8,37.8,8.2,10-26-26
23.8,56.3,57.9,Loamy,Maize,47.6,40.9,10.4,10-26-26
26.5,44.5,41.4,Loamy,Millets,48.6,43.9,19.9,10-26-26
31.8,79.6,53.3,Loamy,Sugarcane,58.7,47.4,12.5,10-26-26
23.6,51.3,51.3,Loamy,Barley,48.9,53.2,15.7,10-26-26
25.9,57.8,29.9,Sandy,Coffee,50.0,39.5,16.2,10-26-26
25.0,69.5,25.9,Red,Millets,57.3,40.0,15.3,10-26-26
36.6,56.9,21.5,Sandy,Pulses,49.4,58.9,14.7,10-26-26
22.1,30.2,69.0,Sandy,Wheat,63.1,43.2,14.6,10-26-26
27.9,75.7,44.7,Sandy,Maize,47.9,35.3,13.5,10-26-26
23.2,69.1,52.3,Red,Barley,53.5,43.0,9.0,10-26-26
18.3,40.5,50.5,Sandy,Cotton,59.5,45.8,14.8,10-26-26
21.8,77.3,63.0,Red,Wheat,56.2,41.3,9.1,10-26-26
30.3,37.1,38.9,Black,Sugarcane,42.8,45.8,12.4,10-26-26
35.3,42.2,64.1,Black,Coffee,54.9,63.7,5.2,10-26-26
28.0,82.9,56.5,Red,Barley,53.7,35.9,10.3,10-26-26
33.2,36.6,69.5,Clayey,Pulses,53.2,45.9,8.7,10-26-26
18.7,73.2,41.9,Loamy,Barley,47.9,41.8,12.6,10-26-26
24.9,55.7,39.2,Black,Tobacco,63.2,64.4,17.6,10-26-26
19.0,37.4,25.8,Red,Pulses,37.6,54.8,14.0,10-26-26
31.8,73.9,30.4,Loamy,Pulses,53.7,52.4,19.2,10-26-26
31.1,72.9,34.2,Loamy,Ground Nuts,52.1,36.8,19.4,10-26-26
34.8,52.6,46.5,Red,Ground Nuts,35.6,36.8,14.0,10-26-26
21.3,36.7,65.0,Sandy,Ground Nuts,56.0,64.0,6.2,10-26-26
36.7,84.7,47.6,Black,Millets,49.9,45.1,15.7,10-26-26
36.7,43.8,35.5,Red,Millets,44.5,59.2,6.5,10-26-26
19.5,53.8,45.7,Sandy,Millets,37.0,50.3,19.4,10-26-26
28.6,59.9,34.3,Clayey,Tobacco,64.9,43.2,11.8,10-26-26
19.4,73.1,48.1,Black,Paddy,52.2,43.6,17.2,10-26-26
24.5,75.9,28.6,Red,Cotton,55.7,51.9,7.2,10-26-26
21.6,31.2,27.4,Red,Pulses,64.3,41.4,19.0,10-26-26
36.6,68.0,25.7,Black,Wheat,52.5,44.6,10.7,10-26-26
33.4,49.1,66.2,Loamy,Millets,63.2,36.2,5.2,10-26-26
29.8,46.1,33.0,Loamy,Wheat,55.4,53.1,7.5,10-26-26
31.6,51.0,54.2,Black,Cotton,38.4,49.0,7.5,10-26-26
24.8,38.7,51.7,Loamy,Maize,55.2,39.5,5.4,10-26-26
18.0,49.9,44.7,Red,Sugarcane,59.6,60.2,15.9,10-26-26
18.0,82.5,67.1,Loamy,Millets,37.8,49.6,7.3,10-26-26
30.1,54.9,62.3,Sandy,Millets,56.9,52.4,9.8,10-26-26
35.0,72.4,56.0,Black,Barley,46.0,56.3,12.0,10-26-26
20.7,36.6,21.2,Black,Maize,43.5,44.9,15.5,10-26-26
35.2,40.2,33.3,Black,Coffee,63.2,48.3,16.8,10-26-26
27.4,38.6,62.6,Black,Cotton,37.4,44.3,15.1,10-26-26
35.6,32.3,52.5,Clayey,Ground Nuts,49.3,39.6,16.1,10-26-26
28.6,86.1,44.3,Sandy,Maize,59.7,58.1,14.9,10-26-26
23.0,77.6,38.9,Black,Millets,59.4,49.8,17.9,10-26-26
28.2,75.4,33.3,Black,Cotton,35.5,47.2,12.6,10-26-26
20.7,46.1,32.0,Black,Paddy,44.0,44.0,13.4,10-26-26
36.8,59.7,26.4,Sandy,Pulses,43.4,56.9,5.2,10-26-26
28.4,87.3,45.2,Black,Sugarcane,63.4,62.5,19.1,10-26-26
37.9,52.5,49.7,Clayey,Oil seeds,38.2,39.2,18.1,10-26-26
36.5,63.4,51.9,Clayey,Coffee,54.3,53.4,7.4,10-26-26
18.2,66.3,48.8,Black,Coffee,44.5,50.7,12.4,10-26-26
25.1,34.3,62.8,Loamy,Cotton,60.8,47.4,14.2,10-26-26
36.5,61.5,46.8,Black,Pulses,55.1,45.2,15.9,10-26-26
29.0,50.9,47.0,Red,Sugarcane,47.2,60.1,6.1,10-26-26
29.5,52.3,41.1,Clayey,Tobacco,59.0,43.4,18.1,10-26-26
33.5,65.6,46.3,Loamy,Oil seeds,64.0,43.5,7.3,10-26-26
30.3,40.7,65.4,Loamy,Ground Nuts,47.3,60.5,8.7,10-26-26
27.8,84.9,39.4,Clayey,Coffee,54.2,47.8,5.7,10-26-26
36.1,36.6,26.7,Red,Maize,40.3,59.0,12.2,10-26-26
36.8,63.2,24.9,Black,Barley,36.6,58.9,14.4,10-26-26
28.9,33.6,40.2,Red,Millets,54.7,46.5,20.0,10-26-26
34.9,60.6,26.2,Sandy,Millets,42.6,51.9,13.7,10-26-26
34.2,48.1,52.4,Loamy,Barley,43.0,55.7,15.5,10-26-26
31.3,49.3,28.6,Loamy,Barley,50.0,48.6,16.6,10-26-26
33.8,36.2,30.4,Red,Barley,50.5,48.9,19.8,10-26-26
31.2,87.9,27.3,Black,Cotton,57.1,39.2,17.6,10-26-26
35.3,34.3,26.9,Sandy,Oil seeds,53.0,50.5,7.5,10-26-26
29.3,32.8,63.7,Black,Oil seeds,59.2,58.6,5.2,10-26-26
37.9,49.9,37.2,Loamy,Wheat,39.0,55.2,14.7,10-26-26
27.3,68.7,44.7,Red,Millets,55.2,59.5,15.3,10-26-26
35.1,82.2,39.4,Black,Sugarcane,40.2,59.5,8.2,10-26-26
18.5,83.4,49.5,Black,Paddy,58.2,47.0,19.9,10-26-26
34.2,75.5,21.7,Clayey,Paddy,35.9,60.2,13.6,10-26-26
26.7,60.0,60.4,Black,Tobacco,54.7,40.6,16.0,10-26-26
29.6,69.3,48.2,Red,Paddy,48.7,54.2,15.9,10-26-26
27.9,56.6,22.0,Loamy,Millets,60.0,46.3,6.1,10-26-26
21.2,70.9,48.6,Sandy,Oil seeds,43.1,63.5,9.4,10-26-26
22.3,68.8,56.9,Loamy,Pulses,57.3,50.1,5.2,10-26-26
24.5,79.4,62.0,Red,Maize,38.1,63.5,7.7,10-26-26
21.1,46.9,23.7,Clayey,Cotton,42.3,63.7,9.7,10-26-26
32.4,78.1,35.7,Loamy,Coffee,43.4,42.3,10.9,10-26-26
34.4,68.5,41.1,Sandy,Coffee,43.7,47.3,11.4,10-26-26
36.6,34.1,67.7,Red,Millets,62.3,38.5,7.8,10-26-26
27.1,59.4,33.4,Black,Barley,37.2,44.9,12.4,10-26-26
19.8,45.3,38.4,Sandy,Wheat,46.8,38.5,8.4,10-26-26
19.4,48.9,23.6,Black,Ground Nuts,56.1,46.6,9.9,10-26-26
18.4,55.4,36.8,Sandy,Barley,59.1,38.2,16.4,10-26-26
19.7,78.8,32.5,Sandy,Coffee,39.4,45.8,11.0,10-26-26
37.5,81.1,63.6,Sandy,Ground Nuts,47.0,63.9,15.3,10-26-26
23.9,39.9,43.8,Clayey,Ground Nuts,58.9,45.2,18.6,10-26-26
25.4,64.5,54.7,Clayey,Oil seeds,56.6,49.3,6.2,10-26-26
31.0,75.0,33.0,Loamy,Tobacco,59.8,47.5,7.6,10-26-26
22.6,46.4,29.0,Black,Barley,55.0,52.4,14.7,10-26-26
33.4,37.5,48.6,Clayey,Maize,43.3,50.8,9.9,10-26-26
22.8,68.1,20.6,Black,Sugarcane,53.1,58.2,7.6,10-26-26
18.6,59.7,52.7,Loamy,Paddy,48.7,46.7,11.8,10-26-26
33.7,68.6,32.1,Red,Paddy,50.7,36.5,10.7,10-26-26
25.1,72.1,66.1,Clayey,Pulses,54.9,47.1,20.0,10-26-26
32.7,70.0,21.1,Black,Ground Nuts,62.3,41.5,14.4,10-26-26
29.3,66.5,22.5,Clayey,Cotton,43.7,60.5,6.5,10-26-26
34.8,44.8,69.9,Red,Tobacco,45.7,46.6,6.8,10-26-26
30.6,42.9,39.4,Sandy,Ground Nuts,60.7,57.2,7.3,10-26-26
37.9,73.0,50.7,Clayey,Millets,59.8,48.3,19.3,10-26-26
23.4,85.2,57.4,Clayey,Maize,35.6,47.0,8.9,10-26-26
27.2,85.9,30.9,Clayey,Ground Nuts,52.6,56.0,17.4,10-26-26
33.2,65.7,55.8,Black,Ground Nuts,55.6,39.0,7.3,10-26-26
20.1,68.4,34.6,Loamy,Barley,63.5,48.1,11.4,10-26-26
27.5,42.4,58.7,Black,Sugarcane,44.6,40.3,14.5,10-26-26
37.4,66.7,69.3,Red,Wheat,45.2,64.1,7.2,10-26-26
18.7,57.0,24.2,Black,Ground Nuts,50.4,44.8,10.0,10-26-26
21.3,74.5,49.1,Black,Tobacco,62.4,45.9,19.7,10-26-26
37.5,31.6,56.4,Black,Pulses,59.5,36.6,13.7,10-26-26
34.3,32.5,26.9,Clayey,Barley,43.3,54.0,19.6,10-26-26
20.6,63.2,59.0,Black,Oil seeds,62.9,37.0,9.6,10-26-26
24.3,56.2,21.0,Sandy,Wheat,55.8,61.5,19.7,10-26-26
32.9,64.6,65.1,Red,Tobacco,41.0,57.8,15.3,10-26-26
31.3,83.6,65.9,Loamy,Paddy,56.6,36.4,18.1,10-26-26
24.2,40.9,25.8,Red,Cotton,36.5,57.6,8.5,10-26-26
25.9,58.0,28.5,Loamy,Barley,36.3,40.7,15.2,10-26-26
29.1,38.5,29.8,Sandy,Ground Nuts,46.8,38.0,7.6,10-26-26
27.3,35.1,59.9,Clayey,Tobacco,49.3,51.4,13.9,10-26-26
20.5,32.6,67.0,Sandy,Tobacco,44.2,62.5,9.1,10-26-26
36.1,83.6,44.8,Loamy,Sugarcane,61.0,63.5,9.9,10-26-26
32.4,47.4,57.7,Loamy,Oil seeds,37.2,50.7,6.8,10-26-26
29.7,79.9,37.5,Red,Cotton,36.5,57.5,8.8,10-26-26
22.8,78.0,67.9,Red,Maize,36.7,42.0,7.8,10-26-26
27.1,39.1,40.7,Loamy,Barley,44.1,53.3,8.3,10-26-26
25.6,50.1,35.3,Black,Paddy,55.2,51.9,17.8,10-26-26
18.8,40.6,37.2,Red,Tobacco,40.4,37.5,11.7,10-26-26
33.4,65.7,38.1,Sandy,Wheat,40.8,54.0,18.3,10-26-26
27.1,63.6,55.8,Black,Paddy,45.5,59.0,11.6,10-26-26
18.2,66.7,42.6,Loamy,Maize,36.8,49.6,7.5,10-26-26
26.9,39.9,40.6,Black,Millets,42.0,54.6,9.4,10-26-26
18.3,53.4,50.9,Loamy,Millets,35.7,41.5,9.9,10-26-26
28.9,66.6,31.4,Black,Tobacco,51.3,65.0,18.3,10-26-26
20.6,58.7,32.3,Loamy,Millets,37.4,42.6,5.9,10-26-26
27.8,30.4,44.1,Red,Sugarcane,50.6,53.2,19.6,10-26-26
28.5,79.0,24.3,Loamy,Coffee,50.9,55.4,13.5,10-26-26
19.3,52.4,52.4,Clayey,Barley,64.8,42.1,18.8,10-26-26
36.6,78.3,21.0,Black,Maize,43.9,36.5,19.9,10-26-26
31.2,43.6,66.7,Sandy,Millets,43.2,42.8,9.7,10-26-26
37.6,50.2,61.8,Black,Coffee,42.7,37.3,5.5,10-26-26
24.3,69.5,27.6,Loamy,Barley,51.8,40.1,7.3,10-26-26
25.5,53.1,28.4,Red,Maize,62.5,61.9,19.8,10-26-26
27.1,78.1,28.9,Black,Oil seeds,41.6,44.4,16.8,10-26-26
21.1,61.9,46.0,Loamy,Wheat,48.5,63.4,9.2,10-26-26
20.8,70.4,36.1,Black,Maize,59.1,64.2,5.7,10-26-26
23.1,54.4,58.9,Red,Maize,55.0,58.4,12.0,10-26-26
33.8,47.9,67.4,Loamy,Sugarcane,63.8,47.5,14.8,10-26-26
32.2,56.6,47.8,Sandy,Sugarcane,48.7,61.7,13.4,10-26-26
28.2,47.0,37.8,Red,Barley,50.7,50.9,15.3,10-26-26
31.2,75.2,53.8,Clayey,Millets,49.5,64.8,11.1,10-26-26
24.7,57.7,20.5,Red,Barley,36.0,36.7,13.1,10-26-26
29.2,74.1,54.4,Red,Tobacco,50.6,57.3,13.2,10-26-26
26.7,78.6,48.2,Black,Oil seeds,46.3,40.4,12.4,10-26-26
21.3,81.7,69.5,Clayey,Maize,45.7,43.8,8.3,10-26-26
22.2,83.6,53.4,Clayey,Barley,61.9,51.6,15.4,10-26-26
31.4,30.1,41.5,Sandy,Cotton,54.1,51.4,17.3,10-26-26
18.4,51.4,31.4,Loamy,Sugarcane,45.2,53.5,6.0,10-26-26
26.7,76.0,21.5,Sandy,Oil seeds,60.5,46.5,6.8,10-26-26
33.8,71.7,64.4,Red,Paddy,41.5,38.2,14.2,10-26-26
29.6,85.9,59.8,Black,Ground Nuts,56.0,36.8,6.6,10-26-26
22.0,31.7,65.5,Black,Paddy,61.7,41.6,16.7,10-26-26
23.7,66.2,58.2,Loamy,Paddy,35.3,44.8,8.2,10-26-26
31.4,53.5,23.8,Red,Coffee,53.0,54.3,17.2,10-26-26
37.6,55.5,34.8,Loamy,Pulses,45.5,50.6,19.1,10-26-26
37.2,51.4,22.9,Black,Maize,58.4,56.2,12.9,10-26-26
21.8,58.0,53.3,Sandy,Wheat,52.4,48.1,13.1,10-26-26
32.7,30.7,33.5,Sandy,Pulses,37.8,64.9,13.9,10-26-26
37.3,68.3,28.4,Red,Wheat,48.4,58.2,11.4,10-26-26
36.8,37.6,31.7,Loamy,Sugarcane,48.3,60.0,16.1,10-26-26
36.4,75.3,33.1,Clayey,Coffee,43.6,45.6,9.5,10-26-26
18.7,72.2,61.2,Red,Paddy,37.0,36.9,9.3,10-26-26
29.6,69.2,51.7,Sandy,Paddy,45.7,50.0,14.6,10-26-26
22.6,81.6,37.1,Sandy,Coffee,59.0,42.5,5.6,10-26-26
21.4,74.7,48.8,Loamy,Wheat,43.1,50.0,19.4,10-26-26
22.0,56.0,51.9,Loamy,Cotton,41.4,62.9,14.6,10-26-26
24.6,78.1,38.9,Red,Sugarcane,42.6,62.3,6.4,10-26-26
27.2,87.6,47.0,Loamy,Millets,57.7,35.2,12.5,10-26-26
21.2,54.3,41.0,Loamy,Pulses,38.1,48.3,17.1,10-26-26
26.7,85.7,21.6,Sandy,Sugarcane,52.7,57.3,16.4,10-26-26
22.9,82.8,43.1,Sandy,Millets,61.8,40.0,8.1,10-26-26
32.9,64.8,47.7,Red,Pulses,53.1,57.0,18.4,10-26-26
34.1,58.7,56.1,Sandy,Coffee,61.2,36.0,13.2,10-26-26
27.9,80.1,29.3,Clayey,Sugarcane,53.1,61.1,11.5,10-26-26
33.8,51.3,23.2,Red,Oil seeds,54.1,60.0,15.0,10-26-26
20.5,82.8,33.8,Red,Sugarcane,41.7,59.5,19.7,10-26-26
30.5,48.5,21.0,Black,Coffee,40.8,52.5,7.3,10-26-26
21.8,60.3,45.6,Sandy,Sugarcane,53.1,44.8,18.1,10-26-26
29.8,86.2,34.9,Clayey,Millets,43.5,42.3,16.1,10-26-26
29.9,67.8,37.4,Black,Pulses,36.2,42.6,13.8,10-26-26
22.4,43.1,41.5,Loamy,Barley,37.9,37.2,6.3,10-26-26
26.0,47.0,35.8,Loamy,Pulses,41.2,47.3,8.0,10-26-26
37.0,35.2,67.2,Red,Barley,60.0,55.4,18.7,10-26-26
21.5,44.6,32.2,Loamy,Oil seeds,44.3,52.3,5.4,10-26-26
37.7,60.0,41.3,Black,Paddy,46.0,58.5,6.1,10-26-26
21.0,70.1,45.0,Clayey,Oil seeds,56.2,57.9,17.1,10-26-26
26.3,81.6,56.0,Red,Ground Nuts,60.2,64.7,6.7,10-26-26
34.1,35.0,47.0,Black,Pulses,60.8,35.6,19.1,10-26-26
21.3,62.4,47.8,Sandy,Barley,48.3,64.5,5.9,10-26-26
28.5,75.2,32.3,Clayey,Millets,46.8,63.5,16.4,10-26-26
22.4,54.7,58.7,Black,Tobacco,59.6,42.3,14.9,10-26-26
29.0,43.0,23.9,Red,Barley,56.9,49.9,16.9,10-26-26
24.1,45.3,50.0,Black,Cotton,41.0,59.5,12.8,10-26-26
30.5,84.8,24.1,Loamy,Tobacco,38.3,60.3,6.6,10-26-26
19.8,60.1,45.7,Clayey,Oil seeds,53.9,42.3,5.3,10-26-26
19.7,85.4,20.2,Black,Ground Nuts,58.3,35.9,16.4,10-26-26
25.8,44.0,31.3,Clayey,Ground Nuts,49.8,40.1,15.1,10-26-26
28.9,38.2,55.4,Black,Barley,61.5,43.3,7.7,10-26-26
21.1,81.7,26.0,Black,Ground Nuts,46.4,57.0,16.9,10-26-26
34.9,85.1,47.7,Black,Pulses,45.3,57.8,7.5,10-26-26
33.7,85.1,42.1,Loamy,Paddy,39.8,49.9,10.9,10-26-26
30.6,40.1,39.0,Clayey,Coffee,61.1,56.9,5.8,10-26-26
19.8,85.5,32.2,Clayey,Maize,63.0,60.0,13.3,10-26-26
21.1,40.4,31.2,Red,Oil seeds,52.9,44.4,19.8,10-26-26
19.9,50.5,32.2,Loamy,Paddy,64.3,35.8,15.8,10-26-26
24.7,77.0,62.8,Black,Tobacco,43.1,47.3,15.9,10-26-26
33.1,36.4,65.7,Red,Millets,43.3,52.3,6.8,10-26-26
26.1,58.2,20.0,Red,Ground Nuts,61.7,35.2,16.6,10-26-26
31.7,56.5,22.1,Loamy,Tobacco,42.7,45.5,10.3,10-26-26
19.0,73.6,67.8,Red,Maize,35.3,40.8,13.2,10-26-26
29.7,46.0,45.4,Clayey,Barley,42.6,62.1,16.5,10-26-26
24.6,35.5,47.2,Sandy,Coffee,60.8,61.0,14.1,10-26-26
33.2,53.9,43.8,Clayey,Oil seeds,55.4,61.3,16.9,10-26-26
20.5,79.5,61.7,Sandy,Barley,46.7,52.5,18.6,10-26-26
20.4,41.6,64.7,Sandy,Sugarcane,65.0,51.5,14.3,10-26-26
31.9,40.6,40.6,Sandy,Ground Nuts,51.1,45.8,7.6,10-26-26
32.2,60.5,58.5,Clayey,Paddy,57.6,54.7,20.0,10-26-26
28.4,65.7,38.5,Clayey,Tobacco,49.9,51.4,19.3,10-26-26
18.8,69.5,22.5,Clayey,Barley,36.8,39.8,10.3,10-26-26
33.8,75.4,24.4,Black,Barley,37.4,44.2,5.5,10-26-26
25.9,62.3,34.9,Sandy,Millets,49.6,45.0,7.9,10-26-26
31.5,78.1,63.7,Black,Oil seeds,56.1,55.6,5.9,10-26-26
34.3,43.5,37.8,Sandy,Millets,39.4,40.9,16.6,10-26-26
19.9,74.6,24.3,Red,Coffee,39.3,61.9,16.3,10-26-26
37.4,43.5,24.7,Black,Sugarcane,42.9,38.7,7.5,10-26-26
26.8,48.5,40.6,Loamy,Barley,62.4,39.9,8.7,10-26-26
20.3,81.7,22.4,Black,Sugarcane,57.7,46.2,5.8,10-26-26
29.5,77.3,23.8,Red,Millets,53.6,42.4,18.5,10-26-26
19.8,31.5,31.8,Sandy,Coffee,45.0,53.8,7.0,10-26-26
29.7,63.0,46.7,Clayey,Tobacco,64.6,50.9,15.8,10-26-26
19.3,78.8,59.0,Black,Cotton,62.1,44.3,18.7,10-26-26
30.7,54.6,41.4,Red,Wheat,51.4,45.7,16.9,10-26-26
21.8,86.5,37.2,Sandy,Wheat,62.7,62.2,10.5,10-26-26
33.4,43.3,46.1,Clayey,Maize,38.3,46.6,6.2,10-26-26
31.3,87.5,32.7,Black,Ground Nuts,49.2,48.4,7.8,10-26-26
32.5,38.5,57.9,Red,Paddy,56.0,40.9,14.7,10-26-26
31.6,58.8,22.4,Black,Paddy,58.6,51.7,15.9,10-26-26
32.4,54.0,60.0,Clayey,Sugarcane,53.0,45.6,8.0,10-26-26
29.0,40.5,58.4,Loamy,Pulses,64.0,45.8,11.5,10-26-26
23.7,76.1,50.9,Sandy,Ground Nuts,36.9,60.2,7.8,10-26-26
25.5,65.8,23.9,Loamy,Sugarcane,45.3,59.1,12.2,10-26-26
34.9,50.3,31.5,Red,Cotton,50.9,39.1,17.0,10-26-26
32.5,34.6,58.3,Red,Wheat,44.3,59.2,12.6,10-26-26
33.3,87.2,38.2,Loamy,Tobacco,54.5,53.3,15.3,10-26-26
35.3,38.1,62.3,Red,Coffee,35.7,57.6,13.6,10-26-26
26.2,80.1,35.7,Red,Coffee,43.2,44.1,16.6,10-26-26
34.6,78.3,28.1,Red,Ground Nuts,51.5,38.8,18.0,10-26-26
35.0,70.9,43.3,Red,Sugarcane,47.1,46.9,6.0,10-26-26
27.0,83.9,64.0,Sandy,Barley,59.9,52.6,6.5,10-26-26
18.3,32.5,53.9,Sandy,Sugarcane,61.6,60.7,7.5,10-26-26
32.3,47.6,55.8,Loamy,Millets,56.3,52.8,10.4,10-26-26
36.8,80.5,32.1,Clayey,Coffee,48.4,45.3,15.6,10-26-26
25.4,36.1,49.9,Loamy,Coffee,40.1,55.8,16.1,10-26-26
31.1,46.8,69.4,Sandy,Millets,63.5,52.2,17.6,10-26-26
26.3,40.7,46.0,Black,Wheat,49.9,41.4,15.1,10-26-26
26.0,52.6,47.6,Sandy,Wheat,57.7,54.2,9.9,10-26-26
36.1,43.0,54.2,Sandy,Maize,39.3,45.6,9.8,10-26-26
26.6,70.0,50.1,Loamy,Tobacco,39.2,63.2,10.2,10-26-26
20.6,37.2,64.8,Loamy,Coffee,59.6,49.0,7.0,10-26-26
18.7,83.6,60.4,Black,Pulses,55.8,36.0,12.9,10-26-26
33.2,57.3,67.7,Loamy,Barley,42.3,37.1,10.0,10-26-26
32.7,72.8,25.5,Loamy,Sugarcane,61.6,43.4,8.1,10-26-26
27.0,44.4,24.9,Red,Barley,51.4,44.4,12.9,10-26-26
21.4,66.4,53.9,Red,Barley,59.1,60.4,7.4,10-26-26
30.3,73.9,33.6,Red,Pulses,50.8,58.2,16.5,10-26-26
28.9,80.1,68.4,Black,Maize,57.4,35.2,7.0,10-26-26
30.5,61.4,53.0,Sandy,Millets,61.8,48.6,5.7,10-26-26
34.2,32.9,32.1,Red,Barley,58.1,46.3,12.1,10-26-26
27.4,43.9,67.3,Red,Cotton,57.1,54.2,16.2,10-26-26
21.1,38.6,41.0,Red,Paddy,39.7,60.6,13.7,10-26-26
20.3,73.1,60.1,Loamy,Coffee,51.3,39.5,16.8,10-26-26
22.5,57.3,66.1,Red,Maize,43.9,62.2,5.8,10-26-26
32.0,41.1,35.8,Sandy,Barley,39.1,45.0,9.2,10-26-26
21.3,31.5,54.9,Sandy,Maize,40.5,57.8,16.9,10-26-26
19.7,59.0,64.5,Black,Wheat,60.4,38.5,19.5,10-26-26
21.0,51.9,51.8,Loamy,Wheat,50.2,59.8,14.6,10-26-26
29.1,33.7,49.0,Sandy,Millets,46.7,38.0,9.6,10-26-26
29.7,82.4,40.5,Sandy,Ground Nuts,64.4,45.8,16.4,10-26-26
30.0,71.1,67.6,Sandy,Sugarcane,48.5,39.1,15.0,10-26-26
31.9,76.6,41.1,Sandy,Tobacco,37.9,40.1,19.7,10-26-26
24.1,77.9,61.4,Sandy,Coffee,47.5,56.8,11.7,10-26-26
22.7,52.8,38.6,Black,Maize,62.0,50.1,11.7,10-26-26
19.7,31.3,54.4,Clayey,Sugarcane,50.8,61.3,12.5,10-26-26
34.1,47.1,66.8,Loamy,Ground Nuts,42.5,40.0,12.4,10-26-26
18.7,58.8,30.8,Black,Sugarcane,35.3,43.9,12.2,10-26-26
20.7,63.6,55.5,Black,Paddy,55.3,46.8,7.1,10-26-26
34.9,82.7,66.2,Loamy,Maize,57.9,57.3,5.2,10-26-26
